time_seconds,abnormal_score
2.0000,0.975980
2.2667,0.974720
2.5333,0.974947
2.8000,0.975460
3.0667,0.977740
3.3333,0.978442
3.6000,0.979240
3.8667,0.978336
4.1333,0.980652
4.4000,0.980389
4.6667,0.979972
4.9333,0.977982
5.2000,0.978003
5.4667,0.978792
5.7333,0.981964
6.0000,0.982030
6.2667,0.981993
6.5333,0.982282
6.8000,0.982919
7.0667,0.983008
7.3333,0.984398
7.6000,0.985464
7.8667,0.985927
8.1333,0.986376
8.4000,0.987566
8.6667,0.985118
8.9333,0.984999
9.2000,0.985435
9.4667,0.984108
9.7333,0.984348
10.0000,0.984955
10.2667,0.985030
10.5333,0.982759
10.8000,0.982631
11.0667,0.983722
11.3333,0.984648
11.6000,0.984182
11.8667,0.984235
12.1333,0.983512
12.4000,0.982387
12.6667,0.983148
12.9333,0.983087
13.2000,0.983039
13.4667,0.983029
13.7333,0.983411
14.0000,0.982836
14.2667,0.982992
14.5333,0.983248
14.8000,0.982714
15.0667,0.982056
15.3333,0.981137
15.6000,0.981164
15.8667,0.980948
16.1333,0.980384
16.4000,0.979570
16.6667,0.979870
16.9333,0.979329
17.2000,0.978583
17.4667,0.979924
17.7333,0.979577
18.0000,0.979994
18.2667,0.979719
18.5333,0.980700
18.8000,0.980449
19.0667,0.980437
19.3333,0.981645
19.6000,0.981641
19.8667,0.981486
