video_name,start_time,end_time,label,reason,source_description,original_row_ids
Abuse001_x264,0.0,5.3,0,"reading a book, ordinary","A woman with short hair, slightly fat, wearing a white top and black pants stood in front of the table, picked up a book from the table, and opened it to read",0
Abuse001_x264,7.0,8.5,-1,"MERGED duplicate-event descriptions (man walking towards her, two camera/annotator variants) - transitional approach, not yet abusive",A man wearing a white shirt and black pants entered the house and walked towards the short-haired and fat woman in front who was reading a book. || A man wearing a black shirt and black pants entered the house and walked towards the short-haired and fat woman in front who was reading a book.,1;2
Abuse001_x264,8.2,8.9,-1,snatched cloth and ran; no explicit violent act named,"A man wearing a white shirt and black pants approached a short-haired, fat woman wearing a white shirt and black pants. When the woman was not paying attention, the man suddenly pulled out a piece of red cloth from the left side of the woman's body, then turned and ran away.",3
Abuse001_x264,8.9,11.2,1,MERGED duplicate-event descriptions of the same moment - explicit punch to the head plus immediate impact,"A man in black clothes approached a short-haired, fat woman wearing a white top and black pants. When the woman turned back to the right, he punched the woman in the head and ran out. . || The woman fell to the ground in pain, and the book in her hand fell to the ground when she fell. At the same time, she knocked the red wooden table in front of her crookedly. There were three things on the table.",4;5
Abuse001_x264,11.3,13.3,0,"non-abusive aftermath: victim alone, touching forehead, getting up","A woman with short hair and a fat figure wearing a white top and black pants fell to the ground, raised her right hand to touch her forehead, and hit her head on the wooden table leg.",6
Abuse001_x264,15.2,18.9,0,non-abusive aftermath,"A woman with short hair, slightly fat, wearing a white top and black pants fell to the ground. She touched her forehead with her right hand and looked towards the direction of entering the house. She retracted her left leg, supported her left hand on the ground, and held her forehead with her right hand. Upper body.",7
Abuse001_x264,19.7,25.4,0,non-abusive aftermath,"A woman with short hair, slightly fat, wearing a white top and black pants is sitting on the ground, leaning on the ground with her left hand, her right hand dropped from her head and placed on the knee of her right leg, her right leg is bent, she turns her head and kicks with her left leg Kneel down on the ground, stand up with your right hand on the ground.",8
Abuse003_x264,0.0,23.1,0,ordinary wheelchair pushing,"A woman in black short-sleeves pushed an old man in a wheelchair from one end of the corridor to the other. The old man was wearing a long-sleeved top, with a blanket covering his legs, and his head tilted toward his left shoulder. , keep one posture motionless",9
Abuse003_x264,23.1,30.7,0,ordinary wheelchair pushing,A woman in black short-sleeves pushed an old man in a wheelchair around the door at one end of the corridor and continued pushing back.,10
Abuse003_x264,30.7,32.7,-1,"MERGED continuous sub-event: released wheelchair, it slid, caregiver caught it - negligent handling, not an explicit violent act on the person",A woman in black short-sleeves pushed an old man in a wheelchair to the left wall and released her hand pushing the wheelchair. The old man in the wheelchair bumped with the wheelchair. toward the wall. || The wheelchair carrying an old man slid forward along the left wall of the corridor || The woman in black clothes immediately stepped forward to hold the handle of the wheelchair.,11;12;13
Abuse003_x264,33.6,35.4,-1,released hands again letting wheelchair slide - same ambiguous negligence pattern,"The woman in black clothes pushed the old man in the wheelchair to the left wall of the corridor, then released her hands and raised them above her head, letting the wheelchair carrying the old man slide forward. .",14
Abuse003_x264,35.7,36.9,0,ordinary pushing forward (end trimmed 37.0->36.9 to remove artifact overlap with next interval),A woman in black clothes held the wheelchair carrying an old man forward and pushed it to the other end of the corridor.,15
Abuse003_x264,36.9,38.0,-1,"wheelchair slid toward wall, caregiver held it - near-miss, ambiguous",The wheelchair carrying the old man suddenly slid towards the wall on the right side of the corridor. The woman pushing him immediately held the wheelchair hard to prevent it from hitting the wall.,16
Abuse003_x264,38.0,38.9,-1,"released hands, old man slides alone - ambiguous negligence","The woman pushing the wheelchair released her hands, and the old man sat on the wheelchair and slid by himself.",17
Abuse003_x264,39.6,41.9,0,"ordinary walking/pushing, reached end of corridor",The woman walked forward behind the wheelchair. The old man slid forward in the wheelchair until the wheelchair hit the end of the corridor. The woman walked from the left side of the wheelchair to behind the wheelchair to support the wheelchair again. .,18
Abuse003_x264,42.0,46.7,0,ordinary pushing around corner,The woman pushed the old man in the wheelchair around a corner at the end of the corridor and continued to push forward in the opposite direction.,19
Abuse003_x264,50.0,61.5,0,ordinary pushing,"A woman in black short-sleeves pushed an old man in a wheelchair from one end of the corridor to the other. The old man was wearing a long-sleeved top, with a blanket covering his legs, and his head tilted toward his left shoulder , maintaining a posture motionless, the woman's face was expressionless during this process.",20
Abuse003_x264,61.9,69.0,0,ordinary pushing,A woman wearing black short-sleeves pushed an old man in a wheelchair around the door at one end of the corridor and continued pushing back.,21
Abuse003_x264,69.0,70.5,-1,MERGED duplicate-event descriptions - wheelchair bumped toward wall after release,"A woman in black short-sleeves pushed an old man in a wheelchair to the left wall and let go of the hand pushing the wheelchair. The old man in the wheelchair bumped with the wheelchair. towards the wall, || The woman in black clothes immediately stepped forward to hold the handle of the wheelchair.",22;23
Abuse003_x264,70.5,72.3,-1,"PROBLEMATIC: wheelchair hit wall, 'head shook with the collision' - real impact from negligent handling, but not an explicit punch/hit/kick on the person","The woman in black short-sleeves pushed the old man in the wheelchair to the left wall again. The old man in the wheelchair hit the wall with the wheelchair, and his head shook with the collision. , after the collision, the woman held on to the wheelchair again.",24
Abuse003_x264,72.8,74.7,0,"ordinary pushing, turning","The woman pushed the old man in the wheelchair and turned left and right forward, sometimes letting go of her hand and walking to the right side of the wheelchair; the wheelchair slid forward, and she walked forward.",25
Abuse003_x264,75.4,76.9,0,ordinary walking beside wheelchair (end trimmed 77.0->76.9 to remove artifact overlap),"The woman walked on the right side of the wheelchair, looking at the old man in the wheelchair as she walked. The old man sat on the wheelchair with his head lowered and slid forward. The woman went around the back of the wheelchair to hold the wheelchair and push it.",26
Abuse003_x264,76.9,77.6,-1,released hands again - ambiguous negligence pattern,"The woman suddenly released her hands and raised them above her head, letting the old man in the wheelchair slide forward on his own.",27
Abuse003_x264,78.4,84.1,0,ordinary pushing toward end of corridor,The woman pushed the old man in the wheelchair towards the end of the corridor.,28
Abuse003_x264,84.5,89.4,0,ordinary pushing around corner,The woman pushed the old man in the wheelchair around a corner at the end of the corridor and continued to push back.,29
Abuse003_x264,91.1,95.2,-1,sped up wheelchair then let go - ambiguous negligent/risky handling,"The woman suddenly pushed the old man in the wheelchair to speed up, and immediately let go after running. The woman stopped in place, and the old man slid forward with the wheelchair.",30
Abuse003_x264,95.5,97.1,-1,wheelchair hit wall and stopped - ambiguous impact,"The woman walked forward, and the old man in the wheelchair hit the left wall with his head lowered and stopped.",31
Abuse003_x264,97.1,99.5,-1,"wheelchair slid toward wall, caregiver held it - near miss","After the old man in the wheelchair hit the wall, the wheelchair immediately backed up and turned to face the woman behind the wheelchair. The woman opened her arms when the wheelchair turned towards her.",32
Abuse003_x264,99.6,102.0,0,ordinary walking,The wheelchair carrying the old man slid to the right wall and slid along the wall in the direction of the woman just now. The woman walked around the left side of the wheelchair while the wheelchair was sliding.,33
Abuse003_x264,102.8,107.2,0,"ordinary pushing, turning around","The woman went around behind the wheelchair, pushed the wheelchair and turned around, pushing the old man in the wheelchair forward.",34
Abuse003_x264,107.5,113.2,-1,"PROBLEMATIC: 'hitting the left side of the wall from time to time' - repeated negligent collisions, old man passive; not an explicit hit/punch on the person","The woman pushed the old man in the wheelchair and continued to move forward, hitting the left side of the wall from time to time. The old man remained motionless.",35
Abuse003_x264,113.2,118.6,0,ordinary pushing forward,The woman pushed the old man in the wheelchair forward quickly,36
Abuse005_x264,0.0,3.3,0,"MERGED duplicate-event descriptions - guards sitting/standing, ordinary","The prison guard wearing black trousers and gray short-sleeved uniforms sitting next to the wall suddenly stood up and walked into the room opposite the white table, and knocked his white table against the side of the door, diagonally leave; || A prison guard wearing black trousers, gray short-sleeved uniform and hat sat in front of a white table and looked at him, stood up || Another fat prison guard wearing black trousers and gray short-sleeved uniform looked towards the direction he entered the room, and walked forward while looking.",37;38;39
Abuse005_x264,3.5,7.5,0,"MERGED duplicate-event descriptions - guard walking, ordinary",The prison guard who entered the small room came out and put his left hand into the left pocket of his pants. || The fat prison guard walked towards him,40;41
Abuse005_x264,7.7,9.4,0,"kicked a CHAIR, not a person",The prison guard who came out of the room walked to a white chair and kicked the chair with his right foot. The chair was kicked diagonally opposite the table.,42
Abuse005_x264,9.6,11.3,0,"raised table, opened door, ordinary",The prison guard who was close to the door of the hut raised the table in front of him to his side and opened the wrong door of the hut.,43
Abuse005_x264,11.5,13.9,-1,CONFLICT RESOLVED: exact-duplicate timestamp had two descriptions (walking towards hut [0] vs. grabbed him to prevent entry [-1]); the more specific/operative description (forceful restraint) dominates -> -1,"The prison guard at the table at the door of the hut walks towards the hut || The fat prison guard stepped forward and grabbed him, preventing him from entering.",44;45
Abuse005_x264,14.2,18.8,1,explicit: was dragged to the table,The prison guard was dragged to the white table on the wall. He pulled the chair and sat down. The fat prison guard walked to the side of the table.,46
Abuse005_x264,22.6,23.7,1,explicit: pinned down on the table by three guards,A man with a white plastic bag on his head was pinned down on the table by three prison guards.,47
Abuse005_x264,23.9,30.4,1,"explicit: guard stepped on the back of his neck, applying force","Another prison guard appeared from one side of the table. He stepped on the table, walked towards the person whose head was pressed, and then stepped on the back of his neck, applying force and keeping still. The other prison guards Watch and stay still.",48
Abuse006_x264,3.0,7.0,0,"MERGED duplicate-event descriptions, end trimmed 7.6->7.0 to remove artifact overlap with the violent event starting at 7.0",A police car drove into a grassy field || A man wearing a black cotton top and black pants also entered the grassland beside the police car.,49;50
Abuse006_x264,7.0,11.2,1,explicit: pushed the man down,"The police car stopped, and two police officers got out of the driver's seat and the passenger's seat respectively. The policeman who got off the driver's seat pushed the man in black cotton clothes down, and the policeman who got out of the passenger's seat also Run towards them.",51
Abuse006_x264,11.5,13.1,1,"explicit: pushed to ground, policeman pressed down on his back","A man wearing a black cotton top and black pants was pushed to the ground, his legs were raised, and a policeman pressed down on his back",52
Abuse006_x264,13.1,13.5,-1,another officer approaching - no explicit violent act in this sentence itself,Another policeman also approached them from the right.,53
Abuse006_x264,13.8,15.5,0,"man walking past, looking back - ordinary movement (end trimmed 16.5->15.5 to remove artifact overlap with the violent event at 15.5)","A man walked past the police car, approached the grass, and looked back.",54
Abuse006_x264,15.5,17.8,1,explicit: raised leg to step on him (event-priority: overlapping bystander description at 16.9-18.2 does not override this well-evidenced violent act),Another policeman quickly rushed to the prisoner surrounded by three policemen and raised his leg to step on him.,55
Abuse006_x264,17.8,18.2,0,checking his breath - not violent itself (start trimmed 16.9->17.8 to remove artifact overlap with the violent event ending at 17.8),"A policeman walked around the man's head from the right side of his legs and finally squatted down on the side of the man's head on the ground, reaching out to test his breath.",56
Abuse006_x264,19.2,21.2,-1,officers surrounding him - no explicit violent act in this sentence,Another policeman came over. Now there were five policemen surrounding a man on the ground. One of the policemen turned around.,57
Abuse006_x264,22.2,24.0,-1,officers positioning near his head - no explicit violent act in this sentence,"The men on the left and right sides of the man's head on the ground squatted down close to his head, and the other three police officers stood on both sides of the man on the ground and looked at each other.",58
Abuse006_x264,24.1,30.8,1,explicit: three officers suppressed/held him down on the ground,"Three policemen suppressed the man in black cotton clothes lying on the ground, while the other two stood aside.",59
Abuse006_x264,30.8,34.5,0,"officer walking away and back, ordinary","A policeman walked in the opposite direction, turned a corner and came back",60
Abuse006_x264,35.0,39.9,1,explicit: four people punched and kicked him,"Another policeman joined the three policemen in beating the people on the ground. Four people punched and kicked them, while a policeman looked on.",61
Abuse006_x264,40.0,42.9,1,explicit: continuing the beating,"One policeman stood up and walked back, and another policeman joined in the beating.",62
Abuse006_x264,43.0,50.1,-1,"officer circling/squatting to look - no new explicit violent act named in THIS sentence, even though beating resumes immediately after; kept conservative per 'do not guess' rule",A policeman stood up and circled around the three policemen who were beating the people on the ground. He walked to the side of the heads on the ground and squatted down to look.,63
Abuse006_x264,50.9,62.7,1,explicit: four officers surrounded him and continued to beat him,Four policemen surrounded the people on the ground and continued to beat them.,64
Abuse006_x264,62.7,69.7,0,"MERGED duplicate-event descriptions - explicit STOP of the beating, non-abusive aftermath",Four police officers stopped beating people on the ground || Two policemen on both sides of the people on the ground stood up || The men on both sides of his legs are still squatting and looking at him,65;66;67
Abuse006_x264,70.1,74.1,0,"MERGED duplicate-event descriptions - aftermath, officers standing/looking",The two policemen on both sides of the man on the ground bent slightly and looked at the man on the ground. || The policeman on the right side of the man stood up and looked at his head || The policeman on the left also stood up,68;69;70
Abuse006_x264,78.1,80.5,-1,pushed his buttocks and turned him over - ambiguous (could be checking on him),The policeman on the left side of the man on the ground pushed the man's buttocks and turned him over. The policeman bent over.,71
Abuse006_x264,84.5,86.5,0,"car arriving, ordinary",A white police car drove in with its lights on.,72
Abuse006_x264,88.8,99.6,0,MERGED three overlapping same-label descriptions of officers arriving/walking/car parking; end trimmed 100.1->99.6 to remove artifact overlap with the violent event starting at 99.6,A policeman got out of the driver's seat of the white police car and walked towards the other policemen || The policeman who got out of the driver's seat of the white police car walked to where the other four policemen were. Several of them stood side by side. There was one policeman left next to the man on the ground. Another policeman next to the man on the ground walked towards the white police car. The driver's seat came down next to the policeman. || A white police car drove up opposite the white police car in the middle and parked on the right opposite the middle police car.,73;74;76
Abuse006_x264,99.6,107.5,1,explicit: one officer still bending down and holding him down while he struggled,"The man on the ground was struggling and rolling. One policeman was still bending down and holding him down. Another policeman came over to see the situation, and the other policemen stood and watched.",75
Abuse006_x264,107.5,119.1,0,"officers walking towards the group, ordinary (start trimmed 105.5->107.5 to remove artifact overlap with the violent event ending at 107.5); two nested same-label rows (108.5-114.5, 116.5-118.5) absorbed as redundant, already covered",Two policemen wearing blue clothes came down and walked towards the place where the five policemen were in the middle. || The policeman on the side of the prisoner's head on the ground walked from the side of his head to his feet and picked up something from the ground. || Another policeman walked in on the right and looked at the prisoner,77;78;79
Abuse006_x264,120.0,121.5,1,explicit: policeman strangled his neck with his hands,"The man on the ground was pulled up by the policeman on the left side of his body. The man leaned against the policeman, his back on the policeman's chest, and the policeman strangled his neck with his hands.",80
Abuse006_x264,124.4,130.4,-1,"CONFLICT RESOLVED: exact-duplicate timestamp had two descriptions (slapped his waistband [-1, ambiguous target] vs. three officers communicating [0]); the more specific/operative description dominates -> -1","Five policemen surrounded the man lying on the ground. One of the five policemen slapped his waistband again. || Three policemen were communicating next to them, forming a triangle.",81;82
Abuse006_x264,130.8,143.9,0,"MERGED three overlapping same-label descriptions of officers walking/talking/going to car, ordinary","One of the five policemen walked to one side of the three policemen, and one of the three policemen left and walked to the white police car in the middle. || After the two policemen approaching the white police car on the far right said something, one of the policemen stepped to the side of the police car's reversing mirror, with his back to the police car. The two looked to the side and four people were surrounding the ground. || A policeman walked to the white police car in the middle, opened the driver's door, took something, closed the door, and walked back.",83;84;85
Abuse006_x264,143.9,146.0,1,explicit: prisoner was dragged towards the police car,"The prisoner on the ground was dragged by a policeman towards the white police car in the middle, followed by six other policemen, and the policeman who had just walked over from the white police car gave way to them.",86
Abuse012_x264,0.0,9.6,0,"babies lying in cribs, ordinary",The five babies in the room were each lying in their own cribs. The baby under the window showed signs of waking up and began to turn over.,87
Abuse012_x264,9.6,17.7,1,explicit: beat the baby with her fists,A woman in a pink top walked up to the baby and beat the baby with her fists.,88
Abuse012_x264,18.9,54.8,0,"explicit stop of beating, covered/settled baby - non-abusive aftermath","The woman stopped beating the baby after it stopped moving, covered the baby with a quilt, then held the stroller, held the baby's hand, and then straightened the baby's quilt for a long time.",89
Abuse012_x264,55.9,58.4,1,"explicit: began beating again, hitting the baby's belly with fists","The woman began to beat the baby. After hitting the baby's belly twice with her fists, she covered it with the quilt twice.",90
Abuse012_x264,60.3,63.4,0,grabbed hand and picked up baby - ordinary caregiving action as described,The woman grabbed the baby's hand and picked up the baby,91
Abuse012_x264,63.9,66.0,1,explicit: shook baby vigorously and slapped the baby,"After the woman pulled the baby upright, she pinched the baby's armpits with both hands and shook it vigorously. Then she pinched the baby with one hand and slapped the baby with the other.",92
Abuse012_x264,66.9,72.2,-1,"PROBLEMATIC: patted baby's face with cloth, covered baby's face with cloth - concerning (suffocation risk) but no explicit listed violent act","The woman turned the baby over on her right arm. The baby lay face down on it. The woman freed her other hand to pick up a piece of cloth from the crib and patted it with that piece of cloth. the baby's face, and then covered the baby's face with a cloth",93
Abuse012_x264,72.6,80.4,1,explicit: swinging arms violently while holding the baby,"The man threw the cloth on the stroller, walked away, and walked around the room holding the baby with one hand, sometimes swinging his arms violently",94
Abuse012_x264,80.7,86.0,0,"pinched armpits to lift, adjusted crib, placed baby down - ordinary handling as described","The woman walked to the side of the crib, pinched the baby's armpits with both hands, then adjusted the crib with one hand, and placed the baby sideways on the pillow with one hand.",95
Abuse012_x264,86.9,103.6,1,explicit: 'beating the baby' while feeding roughly,"The woman then picked up the bottle, covered the baby with a quilt, and began to feed the baby. When feeding, she acted roughly, pressing the baby's head, feeding him, and beating the baby with a circle. face",96
Abuse012_x264,105.1,127.5,-1,PROBLEMATIC: garbled translation ('popped the baby's head') - unclear if this describes a strike,"The woman continued to feed the baby with a bottle. After feeding, she popped the baby's head, then covered him with a quilt, and then adjusted the position of the stroller.",97
Abuse012_x264,137.2,143.6,0,"shook stroller gently, looked at baby - ordinary",The woman looked at the baby and shook the stroller with her hand,98
Abuse012_x264,147.8,171.0,0,"holding baby, ordinary","The woman has her back to the camera, holding the baby with both hands",99
Abuse015_x264,36.4,40.1,0,"people sitting/standing, ordinary","There are three men wearing black clothes and gray jeans. In front of them there is a man wearing black clothes and black trousers sitting against the wall. Next to him is a man wearing black clothes with upper body and lower body. A man in gray trousers squatted nearby, and three police officers on the left side of the three men stood at the front desk talking to the people at the front desk.",100
Abuse015_x264,40.3,50.2,0,"MERGED overlapping same-label descriptions - officer walked over/wiped sweat/walked in, ordinary","A policeman on the far right ran towards the man sitting on the ground leaning against the wall, took a look and left || The fat policeman wiped the sweat from his forehead and then walked into the front desk room",101;102
Abuse015_x264,51.1,52.4,0,"officer walking, ordinary",The policeman on the left walked towards the three men,103
Abuse015_x264,52.7,55.7,0,"officer bent to pick something up, ordinary",The policeman in black shoes bends down to pick up something next to the man on the far left,104
Abuse015_x264,55.9,58.6,0,"officer returned, ordinary",The policeman with black shoes returned to his original position,105
Abuse015_x264,59.1,68.8,0,"men shifting position, ordinary","The man on the far left stretches out his leg. The policeman in black shoes takes a step back, takes a step forward, and takes a step back to the left.",106
Abuse015_x264,68.9,71.2,0,"man sat up, officer returned - ordinary","The man leaning on the chair in the middle sat up straight, and the policeman with black shoes returned to his original position.",107
Abuse015_x264,72.8,76.1,0,"men talking, ordinary",The man in the middle was talking to the man on the right. The man in the middle stopped talking.,108
Abuse015_x264,77.2,84.9,0,"men talking, officer stamping feet - ordinary","The man in the middle talked to the man on the left again, the white-shoe policeman began to stamp his feet, and the man on the far right looked at them and talked.",109
Abuse015_x264,85.4,96.3,0,"officers looking around, ordinary","The two policemen began to look at the three men. The fat policeman walked out of the room, looked around at the man sitting on the ground, and then returned.",110
Abuse015_x264,96.4,112.8,1,"explicit: knocked down the other officer; two policemen were fighting. EVENT-PRIORITY OVERRIDE: two nested descriptions in this span ('stepped over the downed officer' [-1] and 'fat officer watching' [0]) describe continuations/bystanders of the SAME ongoing altercation and are absorbed rather than treated as separate/normal, since the fight is not described as having ended","The policeman with black shoes knocked down the policeman with white shoes. The three men turned to look, and the two policemen were fighting. || The black shoe policeman stepped over the white shoe policeman || A short and fat policeman walked in. The short and fat policeman was watching.",111;112;113
Abuse015_x264,113.3,119.4,0,fight appears to end ('put down' the other officer) - ordinary/aftermath,"The short and fat policeman went back. The policeman with black shoes put down the policeman with white shoes. After talking to the person at the front desk, the short and fat policeman left.",114
Abuse015_x264,120.1,132.6,0,"officers waiting/entering room, ordinary","The policeman with black shoes turned to look at the policeman with white shoes, waited at the door of the back room and then entered the room.",115
Abuse015_x264,133.0,137.3,0,"man watching, ordinary",The man on the far left straightened his upper body and watched.,116
Abuse015_x264,138.9,148.3,0,"man looking around, ordinary",The man on the far left is looking around,117
Abuse015_x264,148.9,152.3,0,"officer walking, ordinary","The policeman with black shoes walked out of the room and walked out to another door, and at the same time a policeman came out",118
Abuse015_x264,153.2,157.3,0,"officer walking towards man, ordinary","The policeman walked towards the man on the far left, and the policeman in white shoes turned over",119
Abuse015_x264,158.3,161.7,0,"officer pointing/asking, ordinary",The police pointed at the white shoes and asked the man on the far left,120
Abuse015_x264,162.0,170.3,0,"officers/men standing, sitting, applauding - ordinary","The police turned around and walked away. The man on the far right stood up. The man in the middle tried to stand up. The man on the right started to applaud. The police turned around and walked towards the three men; the man on the right covered his mouth and the man in the middle Sit down, the policeman looks at the white-shoe policeman",121
Abuse015_x264,171.0,176.5,1,explicit: police pressed the man against the wall and beat him,The police pressed the man on the right against the wall. A policeman with black shoes came from the corridor on the right. The policeman with white shoes slowly got up; the policeman beat the man on the right. The policeman with black shoes looked at the two policemen next to him. The man also looked at,122
Abuse015_x264,179.3,186.0,-1,"officer pulling another officer's arm - ambiguous, could be continued aggression or just tugging",The policeman walked towards the black-shoe policeman. The black-shoes policeman only wanted the white-shoes policeman. The policeman walked out. The black-shoes policeman stretched out his hand to pull the white-shoes policeman. The fat policeman looked at it.,123
Abuse015_x264,187.8,192.3,-1,continues pulling the other officer - same ambiguous pattern (end trimmed 193.2->192.3 to remove artifact overlap with the explicit dragging event starting at 192.3),"The black shoe policeman pulls the white shoe policeman, the fat policeman goes to the corridor, the black shoe policeman continues to pull the white shoe policeman",124
Abuse015_x264,192.3,199.0,1,explicit: dragged the man; also dragged the other officer,The police came in from outside and continued to drag the man on the far left. The policeman with black shoes also dragged the policeman with white shoes. The fat policeman walked out of the room. The policeman with black shoes walked towards the policeman.,125
Abuse015_x264,200.6,207.2,0,"walking out, ordinary","The black-shoe policeman and the policeman walked out of the door from behind the woman on the far right. The black-shoes policeman turned and walked towards the man in the middle. The black-shoes policeman asked the middle man to go out, and the policeman came back.",126
Abuse015_x264,208.5,216.8,0,"took men away, searched them - ordinary procedure, no violent act named","The police took away the man in the middle, and the black-shoe police took away the man on the right. The two policemen began to search the body. The policeman walked out of the front desk room and walked towards the two policemen.",127
Abuse015_x264,217.9,223.3,0,ordinary,The fat policeman walked out of the right corridor and entered the front desk room. The fat policeman walked out of the room and then walked in.,128
Abuse015_x264,224.3,237.1,0,ordinary,"The policeman in white shoes sat up against the corner, the fat policeman walked out of the front desk room, and the man in the middle was sent out",129
Abuse015_x264,237.3,240.7,0,"men escorted out, ordinary","The man on the right was sent out, the police in black shoes looked outside the door, the police looked at them",130
Abuse015_x264,241.8,253.3,0,"officers looking, walking, ordinary","The black shoe policeman and the policeman came back, another policeman went out, the black shoe policeman walked towards the white shoe policeman, and the fat policeman walked into the front room again",131
Abuse015_x264,254.2,262.1,0,"officers walking/looking, ordinary","The police came back to see the white-shoe policeman, and the fat policeman walked out of the front desk room",132
Abuse018_x264,2.2,10.3,0,"kicked a plastic BAG, not a person; sat on wall - ordinary","Vehicles were coming and going on the street. A man wearing a black and red shirt and black pants walked to the front of the brown door. There was a brown trash can in the corner in front of the door, and there was a brown trash can next to it. The man walked to the trash can, kicked the white bag, and sat on the wall.",133
Abuse018_x264,11.9,20.3,0,"sitting on wall, ordinary",A man wearing a black and red shirt and black pants was sitting on the wall. He seemed to be holding something in his hand. He looked down and saw a white car approaching and stopping at this gate. the front.,134
Abuse018_x264,21.5,40.4,0,"sitting on wall, car approaching - ordinary","Vehicles were passing by on the street. A man wearing a black and red shirt and black pants sat on the wall. The person in the white car parked in front of the brown door opened the door but did not get out of the car. , the man sitting on the wall looked up at the sky.",135
Abuse018_x264,41.7,60.3,1,explicit: police kicked him away; he fell heavily to the ground,"The person in the white car parked in front of the brown door got out of the car. He was a male, wearing a police uniform, he should be a policeman, and he was holding something similar to an electric baton in his hand. The police got out of the car, and the man sitting on the wall also stood up and rushed towards the police. The police saw this and rushed towards him and kicked him away. The man fell heavily to the ground with his head on his back. The hat also fell in the corner",136
Abuse018_x264,60.3,70.4,-1,"handcuffing/arrest procedure following the kick - forceful but standard restraint, not clearly one of the listed abusive act types","The police walked towards the man who fell to the ground, sometimes putting on a pair of blue gloves. Then they lifted the man lying on the ground, turned him over, and grabbed his hands. , put it on his back, took out the handcuffs from his waist, then looked around, fixed his hands, and cuffed them.",137
Abuse020_x264,0.9,13.9,1,explicit: hit the woman (with his clothes); she reacts covering her chest,"A man in a white shirt hit a woman sitting on the bed with his clothes. The woman covered her chest with her right hand, and the man immediately opened the door and went out.",138
Abuse020_x264,19.7,40.0,0,"helping her dress, ordinary","The man opened the door and came in, with the clothes still hanging on his hands. After sorting them out, he unfolded the clothes for the woman to put on. The woman took advantage of the situation and reached into the clothes. The man helped the woman put it on. Cover up with clothes.",139
Abuse020_x264,40.5,52.8,0,"helping with belt, walking out - ordinary",The man helped the woman put on her belt and walked out. The woman followed him and walked out.,140
Abuse020_x264,53.8,58.1,1,explicit: slapped her on the head and pushed her onto the bed,"A man and a woman entered the house. Before the woman turned around, the man slapped her on the head and pushed her on the bed.",141
Abuse020_x264,58.4,71.4,0,"lying down, lights off - non-abusive aftermath","The lights were turned off, the woman sat on the bed, then moved in and lay on the bed, the man pulled the quilt over",142
Abuse020_x264,74.8,90.3,1,explicit: hit her with his hand,"The man picked up the quilt, asked the woman to lie down, then covered her, and said don't go out. If you go out, I will hit your head, and then hit her with his hand.",143
Abuse020_x264,91.5,100.5,-1,pointing and verbally warning her - threatening but no physical act described,"After the man opened the door, he turned back and pointed at the woman to warn her, then went out, and then closed the door.",144
Abuse025_x264,0.3,7.2,1,forced to kneel and burned/pressed with a hot curling iron - clearly abusive physical harm to a child,There was a woman wearing white and blue stripes and a purple hat. She held a curling iron and asked a little boy wearing purple clothes to kneel on the ground. She used the curling iron to perm the little boy.,145
Abuse025_x264,7.3,10.2,0,"child hides aside - non-abusive reaction, no act described",The little boy hid aside,146
Abuse025_x264,11.3,16.3,1,repeat: curling iron used on the child again,"The little boy knelt down, and the woman used a curling iron to perm the little boy.",147
Abuse025_x264,16.4,19.3,1,continued use of curling iron on the child while he hides,"The little boy hid aside, and the woman even used a curling iron to perm him.",148
Abuse025_x264,20.2,23.5,1,continued use of curling iron on the child,The little boy ran down again. The woman touched the curling iron with her hand and used the curling iron to perm him.,149
Abuse026_x264,0.0,10.6,1,explicit: threw the woman to the ground,A powerful and tall man threw a woman to the ground,150
Abuse026_x264,10.9,20.4,1,explicit: forcibly kissed her while pinned on the ground - continuing non-consensual physical assault,"The tall man forcibly kissed the woman on the ground. At this time, a passing man saw and stopped him",151
Abuse026_x264,20.7,30.5,0,bystanders intervening - non-abusive,"The man passing by communicated with the man, but the tall man ignored him. At this time, a woman also participated in the rescue.",152
Abuse026_x264,30.6,40.7,-1,"harassed her, refused to let her leave - no explicit listed physical act","The woman who was forcibly kissed was about to leave, but the tall man harassed her again and refused to let her leave.",153
Abuse026_x264,40.8,56.0,-1,MERGED overlapping same-label descriptions - blocking her path / pestering passers-by - no explicit listed physical act,"The woman looked for a way to leave, but the tall man kept blocking her in front of her, wandering back and forth. || The man is still pestering passers-by and remains indifferent.",154;155
Abuse029_x264,1.6,3.3,0,"man approaches house, ordinary","A man in a red shirt and brown trousers walked towards a house, waved and looked inside the house, and squatted beside the door.",156
Abuse029_x264,4.3,5.1,0,"picks up a puppy, ordinary",Pick up a black and brown puppy at the door,157
Abuse029_x264,6.1,8.9,0,"holds dog, looks back - ordinary",Hold the dog forward and look back,158
Abuse029_x264,9.1,10.0,0,walks away holding dog - ordinary,The man strode away holding the dog in his arms,159
Abuse031_x264,4.3,10.3,0,"man getting out of car, ordinary",There is a red car on the roadside. A middle-aged man wearing a blue shirt and black pants got out of the car.,160
Abuse031_x264,11.2,16.3,0,"carrying items, walking - ordinary",A middle-aged man wearing a blue shirt and black pants picked up a white trousers from the car and walked towards the gate.,161
Abuse031_x264,17.3,20.6,0,carrying dog towards gate - ordinary,"The middle-aged man wearing a blue shirt and black pants walked toward the gate with a white dog in his arms. When he got to the gate, the man held the white dog in his hands and made an upward motion. .",162
Abuse031_x264,21.2,26.3,0,"handling of a dog (animal), not a person; no human violence described","The man threw the white dog up and in from the outside of the door, but he didn't throw it in. The dog slipped from the top of the door and fell into the man's hand.",163
Abuse031_x264,27.5,33.4,0,"handling of a dog, ordinary","The man wanted to throw the white dog into the gate. He lifted the white dog up, but it couldn't be lifted up, so he put it down.",164
Abuse031_x264,34.9,40.5,0,"second man arriving, ordinary","Another man wearing a gray shirt and red pants got out of the car, closed the door, and walked towards the man in a blue shirt.",165
Abuse031_x264,41.3,50.5,0,"handling dog and gate, ordinary",The man in the gray shirt released the dog from the man's hand and held the leash. The man in the blue shirt wanted to climb in through the door.,166
Abuse031_x264,51.3,60.9,0,"climbing gate, handling dog - ordinary","The man in the blue shirt climbed to the top of the gate, and then the man in gray clothes handed the dog to the man in the blue shirt.",167
Abuse031_x264,61.3,75.8,0,handling dog over gate - not a person,"The man in the blue shirt threw the dog in from the top of the gate, and the dog walked toward the inside.",168
Abuse031_x264,76.3,88.3,0,"getting into car, ordinary","The man in the blue shirt jumped out of the door, the man in the gray shirt walked to the car and got in, and then the man in the blue shirt also got in the car.",169
Abuse032_x264,19.4,23.2,1,explicit: pressed pillow onto his face with force - suffocation-type act,"There was a woman in floral clothes squatting beside the bed, lifting the head of a man in a blue top, using special force, and putting a pillow on his face, using special force. Put it on the back of his neck and press his head on the pillow",170
Abuse032_x264,24.4,34.3,1,CORRECTED from -1: text explicitly states 'the man reached out and hit the woman' - clear violent act despite the surrounding garbled/confusing translation about who reported what,"The long-haired woman tidied the man's clothes. Then the man wanted to raise his hand, and the woman knocked his hand down. Then because the man reached out and hit the woman, the woman reported beating him.",171
Abuse032_x264,48.2,61.9,1,explicit: slapped the man's face several times,"The woman pressed the man’s head with the hand holding the bowl, fed him food with a spoon in the other hand, stuffed it forcefully into his mouth, and then slapped the man’s face with her hand several times",172
Abuse032_x264,62.6,75.6,-1,rough feeding/wiping described as 'roughly' - no explicit listed violent act,The woman once again dug out the rice with a spoon and fed it to the man roughly. Then she put the bowl on the table and wiped his mouth roughly with a paper towel.,173
Abuse032_x264,88.5,97.7,0,"sitting, ordinary",A man turned off the light in the room and sat on the side of the bed,174
Abuse032_x264,99.9,106.0,0,"adjusting quilt, ordinary","The man beside the bed folded the quilt on his legs and placed it behind his head, and adjusted the position",175
Abuse032_x264,106.1,106.9,0,"lying down, ordinary",The man’s head stood up and then lay down again,176
Abuse032_x264,115.9,128.4,-1,"old man fell while caregiver was distracted on phone - possible neglect, not an explicit violent act","An old man wanted to go around the wheelchair, but fell to the ground. The man next to him moved his legs on the wheelchair and sat up to play with his mobile phone.",177
Abuse032_x264,132.3,152.9,0,"standing, turning on light, walking out - ordinary","The man stood up and went to the wheelchair, touched the wall to turn on the light, then picked up his pants and went out",178
Abuse037_x264,1.2,8.2,0,"vehicle accident involving a dog, not a deliberate human violent act","A white car with double flashes slowly appeared on the screen, crushing the black dog walking in the middle of the road.",179
Abuse037_x264,8.4,25.3,0,"vehicle driving, dogs on road - ordinary/accidental","The white car was driving in the middle of the road, and several dogs ran onto the road.",180
Abuse037_x264,25.3,48.5,0,"dog walking on road, ordinary; nested same-label description (gray dog investigating, 40.4-47.6) absorbed as redundant","There was a black dog left on the road. It walked to the middle of the road next to the dog that had just been crushed. || The gray dog pulled out the tail of the dog that had just been run over by the car, then stayed for a few minutes and left.",181;183
Abuse037_x264,48.5,59.1,0,dog walking away - ordinary,The black dog walked away and left the middle of the road,182
Abuse041_x264,0.0,5.3,0,"holding child, ordinary","A woman wearing pink clothes is holding a child in one hand, and the other is holding a green stool under the table",184
Abuse041_x264,6.3,15.6,0,"holding then placing child down, ordinary",The woman wearing pink clothes and black pants stood holding the child for a while and then put the child on the ground,185
Abuse041_x264,16.9,20.2,0,"walking, ordinary",The woman in pink clothes walked to the other side of the room,186
Abuse041_x264,24.3,28.1,0,"walking, ordinary",Woman in pink clothes walking in the room,187
Abuse041_x264,31.5,35.3,0,"packing things, ordinary","A woman in pink clothes squatted next to the green table to pack things, and another woman in pink clothes was walking in the room",188
Abuse041_x264,36.9,46.1,0,"cleaning floor, ordinary",A woman in pink clothes squatted to clean up the dirty things on the floor. There were many children sitting next to the three green tables in the room.,189
Abuse042_x264,6.1,46.2,0,"MERGED overlapping same-label descriptions - feeding/breastfeeding baby, ordinary","A woman in a pink skirt is sitting on the ground feeding a baby with a bottle, and the baby is holding the bottle in both hands || The woman sometimes looks up and sometimes looks at the baby, and continues to breastfeed.",190;191
Abuse042_x264,49.8,54.6,1,explicit: pushed the baby hard,"The baby kicked around, the woman took the bottle, then pushed the baby hard, and then continued to feed the baby",192
Abuse042_x264,55.9,59.9,0,"baby holds bottle alone, ordinary","The baby holds the bottle by himself, and the woman walks away",193
Abuse042_x264,64.0,77.9,0,"feeding, wiping mouth - ordinary","The baby held the bottle to his chest, let go of his mouth, and looked at the woman above his head. Then the woman walked over and continued to feed him, and wiped his mouth with a pillow towel.",194
Abuse042_x264,77.9,136.5,0,"holding bottle, baby lying down - ordinary","The woman in a pink skirt held a milk bottle in one hand, then got up and walked away. The baby was lying on the ground with his head raised to drink milk.",195
Abuse042_x264,137.2,215.0,0,"child lying alone holding bottle - possible neglect (unsupervised), but no violent act described; nested same-label description (woman near basket, 137.9-154.2) absorbed as redundant",The woman in pink clothes is doing something next to the white hanging basket next to the child || The child is lying on the ground alone holding a bottle,196;197
Abuse042_x264,215.0,227.5,-1,"'continued rudely' while baby kicked - ambiguous rough handling, no explicit violent act named","The woman walked to the baby and squatted down, using the quilt to wipe the baby's mouth. The baby kicked its legs vigorously, but the woman continued rudely, and the baby also kept kicking.",198
Abuse042_x264,229.0,245.3,0,"MERGED overlapping same-label descriptions - wiping mouth, placing bottle down, ordinary","The woman wiped the baby's mouth again, then spread the quilt, and continued to pick up the bottle to feed the baby. || The woman in pink clothes placed the bottle on the ground, took out the cap of the bottle, covered the bottle, put it aside, and stood up",199;200
Abuse042_x264,246.4,254.4,0,"taking things from bed, ordinary","The woman in pink clothes took several things from the bed. When she raised her feet, the baby grabbed her skirt and then let go. The woman put the things aside.",201
Abuse042_x264,256.3,267.5,1,"explicit: hit the baby with a pillow, threw it onto his head","The woman in pink clothes walked back to the baby, hit the baby with a pillow, then threw it on his head, and then let the baby lie on it",202
Abuse042_x264,268.8,288.1,0,patting head/butt - normal soothing gesture,The woman in pink clothes patted the baby's head with one hand and patted his butt with the other,203
Abuse042_x264,294.5,301.7,0,"moving baby, patting - ordinary","The woman in pink clothes sat cross-legged, moved the baby to the pillow and continued to pat him",204
Abuse042_x264,309.6,319.0,1,explicit: began to slap him,"The woman in pink clothes pushed the baby's butt, and then the woman started to slap him",205
Abuse042_x264,320.7,332.2,0,patting - ordinary,The woman in pink clothes patted the baby's head with one hand and patted his back with the other,206
Abuse042_x264,335.7,343.2,0,patting - ordinary,Woman in pink clothes patting the baby's butt with one hand,207
Abuse042_x264,352.7,365.2,0,"patting, baby playing - ordinary","The woman patted the baby's back with one hand, and the baby played with the bottle cap",208
Abuse042_x264,366.0,372.5,0,patting - ordinary,"The woman patted the baby's back with one hand, and the baby looked at the bottle cap running away.",209
Abuse042_x264,373.1,376.9,0,handing over bottle cap - ordinary,The woman in pink clothes reaches out and gives the bottle cap to the baby,210
Abuse042_x264,377.1,389.9,-1,"'threatened the baby' - verbal only, no physical act described",The man in pink clothes threatened the baby,211
Abuse042_x264,390.5,409.5,0,"patting, caressing - ordinary",The woman patted the baby's back with one hand and began to caress the baby,212
Abuse042_x264,422.2,436.9,0,"wiping face, playing - ordinary","The woman wiped her face, picked up the cap of the bottle and played with the baby, and then the child put the cap into his mouth.",213
Abuse042_x264,438.3,449.5,0,feeding - ordinary,"The woman turned the child over, put it on the pillow, picked up the bottle and gave him milk",214
Abuse042_x264,452.5,476.2,0,helping hold bottle - ordinary,The woman uses her hands to help the child hold the bottle and continue to drink milk. The woman’s other hand supports her chin,215
Abuse042_x264,477.0,498.3,0,"feeding, arranging - ordinary","The child took away the bottle, the woman arranged the child's bellyband, and then continued to hold the bottle to give him milk.",216
Abuse042_x264,499.8,523.1,0,supporting child while feeding - ordinary,"The child let go of his hand and hugged the bottle again. The woman changed one hand to hold the bottle for the child, and used the other hand to support her forehead. She smoothed her hair twice and continued to support her forehead.",217
Abuse042_x264,525.5,542.8,0,"child trying to get up, capping bottle - ordinary","The child suddenly turned over and lay on the ground trying to get up. The woman picked up the bottle, capped it and put it aside.",218
Abuse042_x264,545.4,572.0,0,child playing with pillow - ordinary,"The child started playing with the pillow. After a while, he bit a corner of the pillow. The woman took a big pillow from the bed and put the child on it.",219
Abuse042_x264,573.2,585.4,-1,"picked child up upside down - unusual handling, no explicit violent act named","The child was lying on the pillow, and the pillow was on the woman's lap. Then the woman picked up the child upside down and put it down again.",220
Abuse042_x264,587.6,625.4,-1,'bumped the child' repeatedly while shaking legs - ambiguous rough jostling,"The woman's legs shook and bumped the child, and then she began to shake her legs from side to side, and then moved up and down again. The woman touched her lower back",221
Abuse042_x264,626.7,654.2,-1,continued bumping - same ambiguous pattern,The woman leaned on the floor and continued to bump the child. The child raised his head and then fell down.,222
Abuse042_x264,656.2,671.2,-1,continued bumping while patting - same ambiguous pattern,"The woman began to bump the child while patting his back. She touched her hair and face with the other hand, and then began to pat him while leaning on the ground.",223
Abuse042_x264,672.1,737.0,-1,continued bumping and patting - same ambiguous pattern,The woman bumped the child and patted his back,224
Abuse042_x264,737.6,749.0,0,"answering phone, patting - ordinary",The woman squatted to answer the phone with one hand and patted the child on the back with the other. Suddenly the child looked up and the woman lay down again,225
Abuse042_x264,750.1,766.1,0,"answering phone, patting - ordinary","The woman squatted to answer the phone with one hand, and patted the child's back with the other. The child was lying on one side.",226
Abuse042_x264,767.5,794.0,0,"patting, looking - ordinary","The child raised his head to look at the woman, and then lay down again. The woman kept patting the child's back, and the child raised his head again and lay down again.",227
Abuse042_x264,795.3,811.7,0,grabbed arm to reposition child - ordinary caregiving,"The woman hung up the phone, and then the child got up. The woman grabbed the child's arm and moved him to the pillow.",228
Abuse042_x264,812.6,823.1,0,"patting, touching hair - ordinary","The woman patted the child's back, pushed the hair behind the ears, continued to pat the child, and then touched the child's hair with her other hand",229
Abuse042_x264,824.9,841.8,-1,pressed child's head onto pillow - ambiguous (could be normal repositioning for sleep),"The woman looked back at her mobile phone, patting the child with her other hand, then turned back and continued patting, the child suddenly faced her, and the woman pressed the child's head on the pillow",230
Abuse042_x264,842.7,853.5,0,"patting, standing up - ordinary",The woman patted the child's head and then stood up,231
Abuse042_x264,853.9,865.9,0,"pushed the child's BED, not the child - ordinary",The woman walked aside and pushed the child's bed. The child lay on his stomach and looked at the crib. Then the woman took away the clothes on the crib.,232
Abuse042_x264,868.7,914.5,0,picking up and arranging things - ordinary,"The woman picked up the things on the ground, put a pile of red things on the bed, then arranged them and stood up, with the child watching.",233
Abuse042_x264,915.9,948.8,0,bringing toys - ordinary,"The baby looked at her, the woman walked over, then walked away, bringing a bunch of toys for the child to play with",234
Abuse044_x264,0.1,1.4,0,"lifting sheet, ordinary caregiving",Two women were communicating next to the bed. The woman with her hair on her head lifted the sheet covering the old man on the bed.,235
Abuse044_x264,1.4,6.1,0,"tidying sheets, ordinary","The two women looked at each other while talking and tidying up the sheets. The woman with braids raised her hand and shook it. The old man was lying on the hospital bed, and then the woman with her hair on her head took it. Picked up old man's clothes",236
Abuse044_x264,6.1,15.9,0,"tidying, ordinary","The two women continued to take care of the old man. One was tidying the sleeves on his arms, and the other was tidying the side of the bed. The woman with braids lifted the sheet covering the old man to the end of the bed and placed it at the end of the bed.",237
Abuse044_x264,16.3,20.6,-1,"pressing his legs/ankles - could be normal repositioning/physical therapy, no explicit violent act","After the woman on the left lifted the sheet covering the old man's legs, the woman on the right straightened the old man's legs and began to press the old man's legs with both hands, pressing on the ankles.",238
Abuse044_x264,22.6,30.0,0,"moving quilt, ordinary","The two women pulled the quilt on one side of the old man and moved it to the head of the bed, and the old man also lay down on the head of the bed.",239
Abuse044_x264,30.5,34.4,1,explicit: hit the old man's arm,"The woman on the right hit the old man's arm, and the old man suddenly raised his upper body. The woman was frightened and stepped back; then the woman stretched out her hand to scare the old man.",240
Abuse044_x264,35.0,37.5,-1,"grabbed sheet and fell back - ambiguous, no clear violent act on the old man","The old man curled up his legs. The woman on the left grabbed the bed sheet and fell back, then let go.",241
Abuse044_x264,37.8,43.4,1,explicit: slapped the other caregiver on the back,The standing woman snatched the sheets from the old man's hand and slapped the woman next to her on the back. The bent woman next to her held the old man's back with one hand and touched the old man's face with the other. appease him,242
Abuse044_x264,43.9,48.4,-1,"holding his hands while he wants to break free - restraint, ambiguous","The woman with short hair in a white top holds the old man's hands in front of the old man, looking at each other, the old man wants to break free",243
Abuse044_x264,49.9,60.7,0,"MERGED overlapping same-label descriptions - dressing/diapering, ordinary caregiving",The standing fat woman folded the things in her hands. The woman in front of the bed was helping the old man put on diapers. The old man lay down. || The two women turned the old man to one side.,244;245
Abuse044_x264,61.5,70.6,1,explicit: raised hand to hit the old man,The woman in the white top pointed at the old man. The woman in the black top checked the old man's diaper at the end of the bed. The woman in the white top occasionally raised her hand to hit the old man and pointed at the old man.,246
Abuse044_x264,71.2,78.5,-1,"old man tries to hit caregiver, is restrained - mutual/role-reversed, ambiguous","The old man grabbed the hand of the woman in the white top. The two had some arguments. The old man reached out and wanted to hit the woman, and even wanted to pull her hair, but the woman held him down.",247
Abuse044_x264,79.5,86.6,-1,mutual pushing/restraint - ambiguous,The woman in the white top held down the old man. The woman at the end of the bed opened a diaper. The old man still did not let go of the woman's hand. He even wanted to lift his leg. The two of them pushed and pushed each other.,248
Abuse044_x264,87.5,92.1,1,explicit: old man kicked her,The old man suddenly started doing it. The woman in the white top was so frightened that she stepped aside and stepped forward to try to stop him. The old man kicked her with his feet.,249
Abuse044_x264,92.6,107.1,-1,"grabbed his feet to restrain a kicking patient - defensive restraint, ambiguous","The woman went around the end of the bed and grabbed the old man's feet. The old man stopped moving, and the woman next to him stepped forward to put on a diaper for him.",250
Abuse044_x264,107.6,117.1,1,explicit: pulled him out of bed while he held onto the guardrail resisting,The woman in the white top lifted the quilt and pulled the old man lying on his side out of the bed. The old man held on to the guardrail with both hands and could not get down.,251
Abuse044_x264,118.5,131.4,1,"MERGED overlapping same-label descriptions - continuing altercation: raised hand to hit him, then he stood up and kicked two women","The woman pushed the old man's leg, raised her hand to hit him, pointed at him, and then grabbed the old man's hand || The old man suddenly stood up again, kicked two women, and then sat on the edge of the bed",252;253
Abuse045_x264,0.0,12.0,1,"explicit: kicked the old man, then kicked him twice more","The woman lying on the sofa kicked the old man sitting next to her, and then kicked her twice more. The old man looked at her and the woman sat up.",254
Abuse045_x264,12.5,19.7,1,"explicit: pushed his head, hit him again","The woman wearing a black suspender stood up from the sofa and pushed the head of the old man on the sofa, and then hit him again",255
Abuse045_x264,19.9,26.7,0,"standing, talking - ordinary","The woman stood in front of the old man with her head lowered, seeming to be saying something",256
Abuse045_x264,27.4,37.6,1,explicit: pressed him down and shook him vigorously,The woman pressed the old man on the sofa and shook it vigorously,257
Abuse045_x264,43.6,48.4,1,explicit: hit him on the head,"The old man raised his hand, and the woman reached out and hit the old man on the head.",258
Abuse045_x264,50.4,59.1,1,explicit: hit him again,"The woman stood in front of the old man, talked to the old man, pointed, and then hit the old man again",259
Abuse045_x264,65.3,75.3,0,"sitting down, ordinary","The woman walked to the sofa, took the pillow from the sofa, placed it on the back of the sofa, and sat on the empty seat on the sofa next to the old man.",260
Abuse045_x264,78.3,87.3,1,explicit: pushed his head,"The woman walked to the side of the sofa and pushed the old man’s head, then walked out the door.",261
Abuse045_x264,88.5,108.5,0,old man alone struggling to stand - non-abusive aftermath,"The old man wearing a blue vest on the sofa wanted to stand up, but kept stooping, and finally sat down holding on to the armrest of the sofa.",262
Abuse045_x264,112.4,124.6,1,explicit: slapped him on the head hard,"The woman stepped forward and slapped the old man on the head hard. Then the old man pressed down on the sofa and tried to sit up again, but failed again, so he finished.",263
Abuse045_x264,125.5,132.2,0,grabbed armpits to help him up - assistive action as described,The woman stepped forward and grabbed the old man’s armpits with both hands and pulled her up. The old man held the woman’s waist with both hands and then placed her on the sofa.,264
Abuse045_x264,132.7,145.5,1,explicit: grabbed his hair and dragged it hard,The woman grabbed the old man’s hair and dragged it hard. The old man touched his hair with his hand and then put down his hand.,265
Abuse045_x264,146.3,153.2,0,"talking, ordinary","The woman is talking to the old man,",266
Abuse045_x264,155.1,168.3,1,explicit: pulled his hair,"The woman continued to talk to the old man. After a while, she pulled the old man's hair with her hands and spread her hands.",267
Abuse048_x264,1.2,2.3,1,explicit: slapped the old man,A woman wearing a white top slapped an old man sitting in a hospital bed,268
Abuse048_x264,3.3,5.4,0,"helping make the bed, ordinary",Woman helps the elderly make the bed,269
Abuse048_x264,6.4,16.5,-1,'rough' undressing - no explicit listed violent act named,"The woman helped another old man take off his clothes, lifted the old man's lower body, and took off his clothes roughly",270
Abuse048_x264,17.9,22.6,-1,'very rude' taking off shoes - no explicit listed violent act named,The woman took off her shoes for an old man lying on the bed. Her actions when taking off her shoes were very rude.,271
Abuse048_x264,23.6,33.5,1,explicit: pushed down hard,The old man was lying down and lifting his legs to let the woman change her pants. The movements were very rough. The old man was made to sit up and then pushed down hard.,272
Abuse048_x264,34.9,38.0,1,explicit: hit the old man again,"The old man's actions were a bit uncooperative. The woman hit the old man again, and then pretended to hit the old man. Only then did the old man actively cooperate.",273
Abuse048_x264,38.0,41.9,1,explicit: hit his legs and knees hard,"The woman hit the old man's legs and knees hard, asking him to put his legs flat.",274
Abuse048_x264,42.2,47.2,1,explicit: beat him on the leg,The woman beat the old man on the leg because he did not do what she asked.,275
Abuse048_x264,48.4,55.9,1,explicit: slapped him in the face,"The old man wanted to get up, so the woman slapped the old man in the face, and the old man remained motionless and asked the woman to dress her.",276
Abuse048_x264,56.4,63.3,1,explicit: pushed down an old man sitting on the bed,A short-haired nurse suddenly pushed down an old man who was sitting on the hospital bed and threw her pillow to the soles of the old man's feet.,277
Abuse048_x264,65.6,66.2,0,old man alone afterward - non-abusive aftermath,"The woman left the ward, the old man sat up and put the pillow back and lay down",278
Abuse048_x264,67.2,68.5,1,explicit: pulled down his hair,"A woman pulled down the hair of an old man who was curling up on the bed, then took a look and left",279
Abuse048_x264,71.2,75.7,1,explicit: beat the woman,A man beat a woman in a wheelchair while taking care of her,280
Abuse048_x264,76.9,80.8,1,explicit: beat the woman,The man walked to the other side and beat the woman,281
Abuse048_x264,81.7,85.9,1,explicit: pressed her head down hard,The man and woman pressed the woman’s head down hard,282
Abuse048_x264,86.0,88.0,1,explicit: threw her head back hard,"The man threw the woman’s head back hard, and then pushed her wheelchair, causing the woman to keep pushing back",283
Abuse048_x264,89.2,95.2,1,"explicit: pushed her body back, pressed her head","The man pushed the woman's body back and kept pressing her head, raising her head high",284
Abuse048_x264,96.4,97.4,-1,"vague description, no explicit act stated",A man squatting on the ground doing something,285
Abuse048_x264,98.6,102.8,1,explicit: threw her head back hard again,The man threw the woman’s head back hard again.,286
Abuse048_x264,103.4,109.6,1,explicit: kept pressing her head,The man kept pressing the woman’s head,287
Abuse048_x264,110.2,113.9,-1,"lifted her onto a mat - ambiguous, could be assistive","The man took a mat aside, lifted the woman, and put the mat down",288
Abuse049_x264,5.0,16.7,0,"helped him sit on the bed - assistive, ordinary","A man helped a staggering old man sit on the bed, the old man's back was exposed",289
Abuse049_x264,18.3,24.0,-1,put him down and removed his pants - ambiguous (could be caregiving/changing),"A man in black long sleeves came over and put the old man down on the bed, while the man in black short sleeves took off his pants for the old man.",290
Abuse049_x264,25.6,38.6,0,"put person down, covered with quilt - ordinary caregiving","A man in a shirt puts a person down on the bed, and then another man covers the person on the bed with a quilt",291
Abuse049_x264,40.1,43.2,-1,"'put something in' - vague, unclear action",A man in a blue shirt opened the quilt and put something in,292
Abuse049_x264,46.7,57.3,-1,covers then takes the covering away - vague/ambiguous action,A man covers the person on the bed with a quilt and then takes it away,293
Abuse049_x264,58.7,71.3,0,"empty bed, scene description - ordinary",There is an empty bed and a pile of white bedding on the side.,294
