video_name,start_time,end_time,label,source_row_ids,source_descriptions
Abuse001_x264,0.0,5.3,0,0,"A woman with short hair, slightly fat, wearing a white top and black pants stood in front of the table, picked up a book from the table, and opened it to read"
Abuse001_x264,7.0,8.9,-1,"1,1,2,1,2,3,3","A man wearing a white shirt and black pants entered the house and walked towards the short-haired and fat woman in front who was reading a book. || A man wearing a white shirt and black pants entered the house and walked towards the short-haired and fat woman in front who was reading a book. || A man wearing a black shirt and black pants entered the house and walked towards the short-haired and fat woman in front who was reading a book. || A man wearing a white shirt and black pants entered the house and walked towards the short-haired and fat woman in front who was reading a book. || A man wearing a black shirt and black pants entered the house and walked towards the short-haired and fat woman in front who was reading a book. || A man wearing a white shirt and black pants approached a short-haired, fat woman wearing a white shirt and black pants. When the woman was not paying attention, the man suddenly pulled out a piece of red cloth from the left side of the woman's body, then turned and ran away. || A man wearing a white shirt and black pants approached a short-haired, fat woman wearing a white shirt and black pants. When the woman was not paying attention, the man suddenly pulled out a piece of red cloth from the left side of the woman's body, then turned and ran away."
Abuse001_x264,8.9,11.2,1,"4,5","A man in black clothes approached a short-haired, fat woman wearing a white top and black pants. When the woman turned back to the right, he punched the woman in the head and ran out. . || The woman fell to the ground in pain, and the book in her hand fell to the ground when she fell. At the same time, she knocked the red wooden table in front of her crookedly. There were three things on the table."
Abuse001_x264,11.3,13.3,0,6,"A woman with short hair and a fat figure wearing a white top and black pants fell to the ground, raised her right hand to touch her forehead, and hit her head on the wooden table leg."
Abuse001_x264,15.2,18.9,0,7,"A woman with short hair, slightly fat, wearing a white top and black pants fell to the ground. She touched her forehead with her right hand and looked towards the direction of entering the house. She retracted her left leg, supported her left hand on the ground, and held her forehead with her right hand. Upper body."
Abuse001_x264,19.7,25.4,0,8,"A woman with short hair, slightly fat, wearing a white top and black pants is sitting on the ground, leaning on the ground with her left hand, her right hand dropped from her head and placed on the knee of her right leg, her right leg is bent, she turns her head and kicks with her left leg Kneel down on the ground, stand up with your right hand on the ground."
Abuse003_x264,0.0,30.7,0,"9,10","A woman in black short-sleeves pushed an old man in a wheelchair from one end of the corridor to the other. The old man was wearing a long-sleeved top, with a blanket covering his legs, and his head tilted toward his left shoulder. , keep one posture motionless || A woman in black short-sleeves pushed an old man in a wheelchair around the door at one end of the corridor and continued pushing back."
Abuse003_x264,30.7,31.9,1,"11,11,12,13",A woman in black short-sleeves pushed an old man in a wheelchair to the left wall and released her hand pushing the wheelchair. The old man in the wheelchair bumped with the wheelchair. toward the wall. || A woman in black short-sleeves pushed an old man in a wheelchair to the left wall and released her hand pushing the wheelchair. The old man in the wheelchair bumped with the wheelchair. toward the wall. || The wheelchair carrying an old man slid forward along the left wall of the corridor || The woman in black clothes immediately stepped forward to hold the handle of the wheelchair.
Abuse003_x264,31.9,32.7,-1,"12,13",The wheelchair carrying an old man slid forward along the left wall of the corridor || The woman in black clothes immediately stepped forward to hold the handle of the wheelchair.
Abuse003_x264,33.6,35.4,1,14,"The woman in black clothes pushed the old man in the wheelchair to the left wall of the corridor, then released her hands and raised them above her head, letting the wheelchair carrying the old man slide forward. ."
Abuse003_x264,35.7,37.0,0,"15,15,16",A woman in black clothes held the wheelchair carrying an old man forward and pushed it to the other end of the corridor. || A woman in black clothes held the wheelchair carrying an old man forward and pushed it to the other end of the corridor. || The wheelchair carrying the old man suddenly slid towards the wall on the right side of the corridor. The woman pushing him immediately held the wheelchair hard to prevent it from hitting the wall.
Abuse003_x264,37.0,38.9,-1,"16,17","The wheelchair carrying the old man suddenly slid towards the wall on the right side of the corridor. The woman pushing him immediately held the wheelchair hard to prevent it from hitting the wall. || The woman pushing the wheelchair released her hands, and the old man sat on the wheelchair and slid by himself."
Abuse003_x264,39.6,41.9,0,18,The woman walked forward behind the wheelchair. The old man slid forward in the wheelchair until the wheelchair hit the end of the corridor. The woman walked from the left side of the wheelchair to behind the wheelchair to support the wheelchair again. .
Abuse003_x264,42.0,46.7,0,19,The woman pushed the old man in the wheelchair around a corner at the end of the corridor and continued to push forward in the opposite direction.
Abuse003_x264,50.0,61.5,0,20,"A woman in black short-sleeves pushed an old man in a wheelchair from one end of the corridor to the other. The old man was wearing a long-sleeved top, with a blanket covering his legs, and his head tilted toward his left shoulder , maintaining a posture motionless, the woman's face was expressionless during this process."
Abuse003_x264,61.9,69.0,0,21,A woman wearing black short-sleeves pushed an old man in a wheelchair around the door at one end of the corridor and continued pushing back.
Abuse003_x264,69.0,70.5,-1,"22,23","A woman in black short-sleeves pushed an old man in a wheelchair to the left wall and let go of the hand pushing the wheelchair. The old man in the wheelchair bumped with the wheelchair. towards the wall, || The woman in black clothes immediately stepped forward to hold the handle of the wheelchair."
Abuse003_x264,70.5,72.3,1,24,"The woman in black short-sleeves pushed the old man in the wheelchair to the left wall again. The old man in the wheelchair hit the wall with the wheelchair, and his head shook with the collision. , after the collision, the woman held on to the wheelchair again."
Abuse003_x264,72.8,74.7,0,25,"The woman pushed the old man in the wheelchair and turned left and right forward, sometimes letting go of her hand and walking to the right side of the wheelchair; the wheelchair slid forward, and she walked forward."
Abuse003_x264,75.4,77.0,0,"26,26,27","The woman walked on the right side of the wheelchair, looking at the old man in the wheelchair as she walked. The old man sat on the wheelchair with his head lowered and slid forward. The woman went around the back of the wheelchair to hold the wheelchair and push it. || The woman walked on the right side of the wheelchair, looking at the old man in the wheelchair as she walked. The old man sat on the wheelchair with his head lowered and slid forward. The woman went around the back of the wheelchair to hold the wheelchair and push it. || The woman suddenly released her hands and raised them above her head, letting the old man in the wheelchair slide forward on his own."
Abuse003_x264,77.0,77.6,-1,27,"The woman suddenly released her hands and raised them above her head, letting the old man in the wheelchair slide forward on his own."
Abuse003_x264,78.4,84.1,0,28,The woman pushed the old man in the wheelchair towards the end of the corridor.
Abuse003_x264,84.5,89.4,0,29,The woman pushed the old man in the wheelchair around a corner at the end of the corridor and continued to push back.
Abuse003_x264,91.1,95.2,1,30,"The woman suddenly pushed the old man in the wheelchair to speed up, and immediately let go after running. The woman stopped in place, and the old man slid forward with the wheelchair."
Abuse003_x264,95.5,97.1,1,31,"The woman walked forward, and the old man in the wheelchair hit the left wall with his head lowered and stopped."
Abuse003_x264,97.1,99.5,-1,32,"After the old man in the wheelchair hit the wall, the wheelchair immediately backed up and turned to face the woman behind the wheelchair. The woman opened her arms when the wheelchair turned towards her."
Abuse003_x264,99.6,102.0,0,33,The wheelchair carrying the old man slid to the right wall and slid along the wall in the direction of the woman just now. The woman walked around the left side of the wheelchair while the wheelchair was sliding.
Abuse003_x264,102.8,107.2,0,34,"The woman went around behind the wheelchair, pushed the wheelchair and turned around, pushing the old man in the wheelchair forward."
Abuse003_x264,107.5,113.2,1,35,"The woman pushed the old man in the wheelchair and continued to move forward, hitting the left side of the wall from time to time. The old man remained motionless."
Abuse003_x264,113.2,118.6,0,36,The woman pushed the old man in the wheelchair forward quickly
Abuse005_x264,0.0,3.3,0,"37,38,39","The prison guard wearing black trousers and gray short-sleeved uniforms sitting next to the wall suddenly stood up and walked into the room opposite the white table, and knocked his white table against the side of the door, diagonally leave; || A prison guard wearing black trousers, gray short-sleeved uniform and hat sat in front of a white table and looked at him, stood up || Another fat prison guard wearing black trousers and gray short-sleeved uniform looked towards the direction he entered the room, and walked forward while looking."
Abuse005_x264,3.5,7.5,0,"40,41",The prison guard who entered the small room came out and put his left hand into the left pocket of his pants. || The fat prison guard walked towards him
Abuse005_x264,7.7,9.4,0,42,The prison guard who came out of the room walked to a white chair and kicked the chair with his right foot. The chair was kicked diagonally opposite the table.
Abuse005_x264,9.6,11.3,0,43,The prison guard who was close to the door of the hut raised the table in front of him to his side and opened the wrong door of the hut.
Abuse005_x264,11.5,13.9,0,"44,45","The prison guard at the table at the door of the hut walks towards the hut || The fat prison guard stepped forward and grabbed him, preventing him from entering."
Abuse005_x264,14.2,18.8,1,46,The prison guard was dragged to the white table on the wall. He pulled the chair and sat down. The fat prison guard walked to the side of the table.
Abuse005_x264,22.6,23.7,1,47,A man with a white plastic bag on his head was pinned down on the table by three prison guards.
Abuse005_x264,23.9,30.4,1,48,"Another prison guard appeared from one side of the table. He stepped on the table, walked towards the person whose head was pressed, and then stepped on the back of his neck, applying force and keeping still. The other prison guards Watch and stay still."
Abuse006_x264,3.0,7.0,0,"49,50",A police car drove into a grassy field || A man wearing a black cotton top and black pants also entered the grassland beside the police car.
Abuse006_x264,7.0,11.2,1,"49,50,51,51","A police car drove into a grassy field || A man wearing a black cotton top and black pants also entered the grassland beside the police car. || The police car stopped, and two police officers got out of the driver's seat and the passenger's seat respectively. The policeman who got off the driver's seat pushed the man in black cotton clothes down, and the policeman who got out of the passenger's seat also Run towards them. || The police car stopped, and two police officers got out of the driver's seat and the passenger's seat respectively. The policeman who got off the driver's seat pushed the man in black cotton clothes down, and the policeman who got out of the passenger's seat also Run towards them."
Abuse006_x264,11.5,13.1,1,52,"A man wearing a black cotton top and black pants was pushed to the ground, his legs were raised, and a policeman pressed down on his back"
Abuse006_x264,13.1,13.5,-1,53,Another policeman also approached them from the right.
Abuse006_x264,13.8,15.5,0,54,"A man walked past the police car, approached the grass, and looked back."
Abuse006_x264,15.5,17.8,1,"54,55,55,55,56","A man walked past the police car, approached the grass, and looked back. || Another policeman quickly rushed to the prisoner surrounded by three policemen and raised his leg to step on him. || Another policeman quickly rushed to the prisoner surrounded by three policemen and raised his leg to step on him. || Another policeman quickly rushed to the prisoner surrounded by three policemen and raised his leg to step on him. || A policeman walked around the man's head from the right side of his legs and finally squatted down on the side of the man's head on the ground, reaching out to test his breath."
Abuse006_x264,17.8,18.2,0,56,"A policeman walked around the man's head from the right side of his legs and finally squatted down on the side of the man's head on the ground, reaching out to test his breath."
Abuse006_x264,19.2,21.2,-1,57,Another policeman came over. Now there were five policemen surrounding a man on the ground. One of the policemen turned around.
Abuse006_x264,22.2,24.0,-1,58,"The men on the left and right sides of the man's head on the ground squatted down close to his head, and the other three police officers stood on both sides of the man on the ground and looked at each other."
Abuse006_x264,24.1,30.8,1,59,"Three policemen suppressed the man in black cotton clothes lying on the ground, while the other two stood aside."
Abuse006_x264,30.8,34.5,0,60,"A policeman walked in the opposite direction, turned a corner and came back"
Abuse006_x264,35.0,39.9,1,61,"Another policeman joined the three policemen in beating the people on the ground. Four people punched and kicked them, while a policeman looked on."
Abuse006_x264,40.0,42.9,1,62,"One policeman stood up and walked back, and another policeman joined in the beating."
Abuse006_x264,43.0,50.1,1,63,A policeman stood up and circled around the three policemen who were beating the people on the ground. He walked to the side of the heads on the ground and squatted down to look.
Abuse006_x264,50.9,62.7,1,64,Four policemen surrounded the people on the ground and continued to beat them.
Abuse006_x264,62.7,69.7,0,"65,66,67",Four police officers stopped beating people on the ground || Two policemen on both sides of the people on the ground stood up || The men on both sides of his legs are still squatting and looking at him
Abuse006_x264,70.1,74.1,0,"68,69,70",The two policemen on both sides of the man on the ground bent slightly and looked at the man on the ground. || The policeman on the right side of the man stood up and looked at his head || The policeman on the left also stood up
Abuse006_x264,78.1,80.5,-1,71,The policeman on the left side of the man on the ground pushed the man's buttocks and turned him over. The policeman bent over.
Abuse006_x264,84.5,86.5,0,72,A white police car drove in with its lights on.
Abuse006_x264,88.8,99.6,0,"73,73,74,74,74,76,76",A policeman got out of the driver's seat of the white police car and walked towards the other policemen || A policeman got out of the driver's seat of the white police car and walked towards the other policemen || The policeman who got out of the driver's seat of the white police car walked to where the other four policemen were. Several of them stood side by side. There was one policeman left next to the man on the ground. Another policeman next to the man on the ground walked towards the white police car. The driver's seat came down next to the policeman. || The policeman who got out of the driver's seat of the white police car walked to where the other four policemen were. Several of them stood side by side. There was one policeman left next to the man on the ground. Another policeman next to the man on the ground walked towards the white police car. The driver's seat came down next to the policeman. || The policeman who got out of the driver's seat of the white police car walked to where the other four policemen were. Several of them stood side by side. There was one policeman left next to the man on the ground. Another policeman next to the man on the ground walked towards the white police car. The driver's seat came down next to the policeman. || A white police car drove up opposite the white police car in the middle and parked on the right opposite the middle police car. || A white police car drove up opposite the white police car in the middle and parked on the right opposite the middle police car.
Abuse006_x264,99.6,107.5,1,"75,76,75,75,77","The man on the ground was struggling and rolling. One policeman was still bending down and holding him down. Another policeman came over to see the situation, and the other policemen stood and watched. || A white police car drove up opposite the white police car in the middle and parked on the right opposite the middle police car. || The man on the ground was struggling and rolling. One policeman was still bending down and holding him down. Another policeman came over to see the situation, and the other policemen stood and watched. || The man on the ground was struggling and rolling. One policeman was still bending down and holding him down. Another policeman came over to see the situation, and the other policemen stood and watched. || Two policemen wearing blue clothes came down and walked towards the place where the five policemen were in the middle."
Abuse006_x264,107.5,119.1,0,"77,77,78,77,77,79,77",Two policemen wearing blue clothes came down and walked towards the place where the five policemen were in the middle. || Two policemen wearing blue clothes came down and walked towards the place where the five policemen were in the middle. || The policeman on the side of the prisoner's head on the ground walked from the side of his head to his feet and picked up something from the ground. || Two policemen wearing blue clothes came down and walked towards the place where the five policemen were in the middle. || Two policemen wearing blue clothes came down and walked towards the place where the five policemen were in the middle. || Another policeman walked in on the right and looked at the prisoner || Two policemen wearing blue clothes came down and walked towards the place where the five policemen were in the middle.
Abuse006_x264,120.0,121.5,1,80,"The man on the ground was pulled up by the policeman on the left side of his body. The man leaned against the policeman, his back on the policeman's chest, and the policeman strangled his neck with his hands."
Abuse006_x264,124.4,130.4,0,"81,82","Five policemen surrounded the man lying on the ground. One of the five policemen slapped his waistband again. || Three policemen were communicating next to them, forming a triangle."
Abuse006_x264,130.8,143.9,0,"83,83,85,85,84,85,85","One of the five policemen walked to one side of the three policemen, and one of the three policemen left and walked to the white police car in the middle. || One of the five policemen walked to one side of the three policemen, and one of the three policemen left and walked to the white police car in the middle. || A policeman walked to the white police car in the middle, opened the driver's door, took something, closed the door, and walked back. || A policeman walked to the white police car in the middle, opened the driver's door, took something, closed the door, and walked back. || After the two policemen approaching the white police car on the far right said something, one of the policemen stepped to the side of the police car's reversing mirror, with his back to the police car. The two looked to the side and four people were surrounding the ground. || A policeman walked to the white police car in the middle, opened the driver's door, took something, closed the door, and walked back. || A policeman walked to the white police car in the middle, opened the driver's door, took something, closed the door, and walked back."
Abuse006_x264,143.9,146.0,1,86,"The prisoner on the ground was dragged by a policeman towards the white police car in the middle, followed by six other policemen, and the policeman who had just walked over from the white police car gave way to them."
Abuse012_x264,0.0,9.6,0,87,The five babies in the room were each lying in their own cribs. The baby under the window showed signs of waking up and began to turn over.
Abuse012_x264,9.6,17.7,1,88,A woman in a pink top walked up to the baby and beat the baby with her fists.
Abuse012_x264,18.9,54.8,0,89,"The woman stopped beating the baby after it stopped moving, covered the baby with a quilt, then held the stroller, held the baby's hand, and then straightened the baby's quilt for a long time."
Abuse012_x264,55.9,58.4,1,90,"The woman began to beat the baby. After hitting the baby's belly twice with her fists, she covered it with the quilt twice."
Abuse012_x264,60.3,63.4,0,91,The woman grabbed the baby's hand and picked up the baby
Abuse012_x264,63.9,66.0,1,92,"After the woman pulled the baby upright, she pinched the baby's armpits with both hands and shook it vigorously. Then she pinched the baby with one hand and slapped the baby with the other."
Abuse012_x264,66.9,72.2,-1,93,"The woman turned the baby over on her right arm. The baby lay face down on it. The woman freed her other hand to pick up a piece of cloth from the crib and patted it with that piece of cloth. the baby's face, and then covered the baby's face with a cloth"
Abuse012_x264,72.6,80.4,1,94,"The man threw the cloth on the stroller, walked away, and walked around the room holding the baby with one hand, sometimes swinging his arms violently"
Abuse012_x264,80.7,86.0,0,95,"The woman walked to the side of the crib, pinched the baby's armpits with both hands, then adjusted the crib with one hand, and placed the baby sideways on the pillow with one hand."
Abuse012_x264,86.9,103.6,1,96,"The woman then picked up the bottle, covered the baby with a quilt, and began to feed the baby. When feeding, she acted roughly, pressing the baby's head, feeding him, and beating the baby with a circle. face"
Abuse012_x264,105.1,127.5,-1,97,"The woman continued to feed the baby with a bottle. After feeding, she popped the baby's head, then covered him with a quilt, and then adjusted the position of the stroller."
Abuse012_x264,137.2,143.6,0,98,The woman looked at the baby and shook the stroller with her hand
Abuse012_x264,147.8,171.0,0,99,"The woman has her back to the camera, holding the baby with both hands"
Abuse015_x264,36.4,40.1,0,100,"There are three men wearing black clothes and gray jeans. In front of them there is a man wearing black clothes and black trousers sitting against the wall. Next to him is a man wearing black clothes with upper body and lower body. A man in gray trousers squatted nearby, and three police officers on the left side of the three men stood at the front desk talking to the people at the front desk."
Abuse015_x264,40.3,50.2,0,"101,101,102,102","A policeman on the far right ran towards the man sitting on the ground leaning against the wall, took a look and left || A policeman on the far right ran towards the man sitting on the ground leaning against the wall, took a look and left || The fat policeman wiped the sweat from his forehead and then walked into the front desk room || The fat policeman wiped the sweat from his forehead and then walked into the front desk room"
Abuse015_x264,51.1,52.4,0,103,The policeman on the left walked towards the three men
Abuse015_x264,52.7,55.7,0,104,The policeman in black shoes bends down to pick up something next to the man on the far left
Abuse015_x264,55.9,58.6,0,105,The policeman with black shoes returned to his original position
Abuse015_x264,59.1,68.8,0,106,"The man on the far left stretches out his leg. The policeman in black shoes takes a step back, takes a step forward, and takes a step back to the left."
Abuse015_x264,68.9,71.2,0,107,"The man leaning on the chair in the middle sat up straight, and the policeman with black shoes returned to his original position."
Abuse015_x264,72.8,76.1,0,108,The man in the middle was talking to the man on the right. The man in the middle stopped talking.
Abuse015_x264,77.2,84.9,0,109,"The man in the middle talked to the man on the left again, the white-shoe policeman began to stamp his feet, and the man on the far right looked at them and talked."
Abuse015_x264,85.4,96.3,0,110,"The two policemen began to look at the three men. The fat policeman walked out of the room, looked around at the man sitting on the ground, and then returned."
Abuse015_x264,96.4,112.8,1,"111,111,112,113,111,113,111","The policeman with black shoes knocked down the policeman with white shoes. The three men turned to look, and the two policemen were fighting. || The policeman with black shoes knocked down the policeman with white shoes. The three men turned to look, and the two policemen were fighting. || The black shoe policeman stepped over the white shoe policeman || A short and fat policeman walked in. The short and fat policeman was watching. || The policeman with black shoes knocked down the policeman with white shoes. The three men turned to look, and the two policemen were fighting. || A short and fat policeman walked in. The short and fat policeman was watching. || The policeman with black shoes knocked down the policeman with white shoes. The three men turned to look, and the two policemen were fighting."
Abuse015_x264,113.3,119.4,0,114,"The short and fat policeman went back. The policeman with black shoes put down the policeman with white shoes. After talking to the person at the front desk, the short and fat policeman left."
Abuse015_x264,120.1,132.6,0,115,"The policeman with black shoes turned to look at the policeman with white shoes, waited at the door of the back room and then entered the room."
Abuse015_x264,133.0,137.3,0,116,The man on the far left straightened his upper body and watched.
Abuse015_x264,138.9,148.3,0,117,The man on the far left is looking around
Abuse015_x264,148.9,152.3,0,118,"The policeman with black shoes walked out of the room and walked out to another door, and at the same time a policeman came out"
Abuse015_x264,153.2,157.3,0,119,"The policeman walked towards the man on the far left, and the policeman in white shoes turned over"
Abuse015_x264,158.3,161.7,0,120,The police pointed at the white shoes and asked the man on the far left
Abuse015_x264,162.0,170.3,0,121,"The police turned around and walked away. The man on the far right stood up. The man in the middle tried to stand up. The man on the right started to applaud. The police turned around and walked towards the three men; the man on the right covered his mouth and the man in the middle Sit down, the policeman looks at the white-shoe policeman"
Abuse015_x264,171.0,176.5,1,122,The police pressed the man on the right against the wall. A policeman with black shoes came from the corridor on the right. The policeman with white shoes slowly got up; the policeman beat the man on the right. The policeman with black shoes looked at the two policemen next to him. The man also looked at
Abuse015_x264,179.3,186.0,-1,123,The policeman walked towards the black-shoe policeman. The black-shoes policeman only wanted the white-shoes policeman. The policeman walked out. The black-shoes policeman stretched out his hand to pull the white-shoes policeman. The fat policeman looked at it.
Abuse015_x264,187.8,192.3,-1,124,"The black shoe policeman pulls the white shoe policeman, the fat policeman goes to the corridor, the black shoe policeman continues to pull the white shoe policeman"
Abuse015_x264,192.3,199.0,1,"124,125,125","The black shoe policeman pulls the white shoe policeman, the fat policeman goes to the corridor, the black shoe policeman continues to pull the white shoe policeman || The police came in from outside and continued to drag the man on the far left. The policeman with black shoes also dragged the policeman with white shoes. The fat policeman walked out of the room. The policeman with black shoes walked towards the policeman. || The police came in from outside and continued to drag the man on the far left. The policeman with black shoes also dragged the policeman with white shoes. The fat policeman walked out of the room. The policeman with black shoes walked towards the policeman."
Abuse015_x264,200.6,207.2,0,126,"The black-shoe policeman and the policeman walked out of the door from behind the woman on the far right. The black-shoes policeman turned and walked towards the man in the middle. The black-shoes policeman asked the middle man to go out, and the policeman came back."
Abuse015_x264,208.5,216.8,0,127,"The police took away the man in the middle, and the black-shoe police took away the man on the right. The two policemen began to search the body. The policeman walked out of the front desk room and walked towards the two policemen."
Abuse015_x264,217.9,223.3,0,128,The fat policeman walked out of the right corridor and entered the front desk room. The fat policeman walked out of the room and then walked in.
Abuse015_x264,224.3,237.1,0,129,"The policeman in white shoes sat up against the corner, the fat policeman walked out of the front desk room, and the man in the middle was sent out"
Abuse015_x264,237.3,240.7,0,130,"The man on the right was sent out, the police in black shoes looked outside the door, the police looked at them"
Abuse015_x264,241.8,253.3,0,131,"The black shoe policeman and the policeman came back, another policeman went out, the black shoe policeman walked towards the white shoe policeman, and the fat policeman walked into the front room again"
Abuse015_x264,254.2,262.1,0,132,"The police came back to see the white-shoe policeman, and the fat policeman walked out of the front desk room"
Abuse018_x264,2.2,10.3,0,133,"Vehicles were coming and going on the street. A man wearing a black and red shirt and black pants walked to the front of the brown door. There was a brown trash can in the corner in front of the door, and there was a brown trash can next to it. The man walked to the trash can, kicked the white bag, and sat on the wall."
Abuse018_x264,11.9,20.3,0,134,A man wearing a black and red shirt and black pants was sitting on the wall. He seemed to be holding something in his hand. He looked down and saw a white car approaching and stopping at this gate. the front.
Abuse018_x264,21.5,40.4,0,135,"Vehicles were passing by on the street. A man wearing a black and red shirt and black pants sat on the wall. The person in the white car parked in front of the brown door opened the door but did not get out of the car. , the man sitting on the wall looked up at the sky."
Abuse018_x264,41.7,60.3,1,136,"The person in the white car parked in front of the brown door got out of the car. He was a male, wearing a police uniform, he should be a policeman, and he was holding something similar to an electric baton in his hand. The police got out of the car, and the man sitting on the wall also stood up and rushed towards the police. The police saw this and rushed towards him and kicked him away. The man fell heavily to the ground with his head on his back. The hat also fell in the corner"
Abuse018_x264,60.3,70.4,-1,137,"The police walked towards the man who fell to the ground, sometimes putting on a pair of blue gloves. Then they lifted the man lying on the ground, turned him over, and grabbed his hands. , put it on his back, took out the handcuffs from his waist, then looked around, fixed his hands, and cuffed them."
Abuse020_x264,0.9,13.9,1,138,"A man in a white shirt hit a woman sitting on the bed with his clothes. The woman covered her chest with her right hand, and the man immediately opened the door and went out."
Abuse020_x264,19.7,40.0,0,139,"The man opened the door and came in, with the clothes still hanging on his hands. After sorting them out, he unfolded the clothes for the woman to put on. The woman took advantage of the situation and reached into the clothes. The man helped the woman put it on. Cover up with clothes."
Abuse020_x264,40.5,52.8,0,140,The man helped the woman put on her belt and walked out. The woman followed him and walked out.
Abuse020_x264,53.8,58.1,1,141,"A man and a woman entered the house. Before the woman turned around, the man slapped her on the head and pushed her on the bed."
Abuse020_x264,58.4,71.4,0,142,"The lights were turned off, the woman sat on the bed, then moved in and lay on the bed, the man pulled the quilt over"
Abuse020_x264,74.8,90.3,1,143,"The man picked up the quilt, asked the woman to lie down, then covered her, and said don't go out. If you go out, I will hit your head, and then hit her with his hand."
Abuse020_x264,91.5,100.5,-1,144,"After the man opened the door, he turned back and pointed at the woman to warn her, then went out, and then closed the door."
Abuse025_x264,0.3,7.2,1,145,There was a woman wearing white and blue stripes and a purple hat. She held a curling iron and asked a little boy wearing purple clothes to kneel on the ground. She used the curling iron to perm the little boy.
Abuse025_x264,7.3,10.2,0,146,The little boy hid aside
Abuse025_x264,11.3,16.3,1,147,"The little boy knelt down, and the woman used a curling iron to perm the little boy."
Abuse025_x264,16.4,19.3,1,148,"The little boy hid aside, and the woman even used a curling iron to perm him."
Abuse025_x264,20.2,23.5,1,149,The little boy ran down again. The woman touched the curling iron with her hand and used the curling iron to perm him.
Abuse026_x264,0.0,10.6,1,150,A powerful and tall man threw a woman to the ground
Abuse026_x264,10.9,20.4,1,151,"The tall man forcibly kissed the woman on the ground. At this time, a passing man saw and stopped him"
Abuse026_x264,20.7,30.5,0,152,"The man passing by communicated with the man, but the tall man ignored him. At this time, a woman also participated in the rescue."
Abuse026_x264,30.6,40.7,1,153,"The woman who was forcibly kissed was about to leave, but the tall man harassed her again and refused to let her leave."
Abuse026_x264,40.8,56.0,-1,"154,154,155,155","The woman looked for a way to leave, but the tall man kept blocking her in front of her, wandering back and forth. || The woman looked for a way to leave, but the tall man kept blocking her in front of her, wandering back and forth. || The man is still pestering passers-by and remains indifferent. || The man is still pestering passers-by and remains indifferent."
Abuse029_x264,1.6,3.3,0,156,"A man in a red shirt and brown trousers walked towards a house, waved and looked inside the house, and squatted beside the door."
Abuse029_x264,4.3,5.1,0,157,Pick up a black and brown puppy at the door
Abuse029_x264,6.1,8.9,0,158,Hold the dog forward and look back
Abuse029_x264,9.1,10.0,0,159,The man strode away holding the dog in his arms
Abuse031_x264,4.3,10.3,0,160,There is a red car on the roadside. A middle-aged man wearing a blue shirt and black pants got out of the car.
Abuse031_x264,11.2,16.3,0,161,A middle-aged man wearing a blue shirt and black pants picked up a white trousers from the car and walked towards the gate.
Abuse031_x264,17.3,20.6,0,162,"The middle-aged man wearing a blue shirt and black pants walked toward the gate with a white dog in his arms. When he got to the gate, the man held the white dog in his hands and made an upward motion. ."
Abuse031_x264,21.2,26.3,1,163,"The man threw the white dog up and in from the outside of the door, but he didn't throw it in. The dog slipped from the top of the door and fell into the man's hand."
Abuse031_x264,27.5,33.4,1,164,"The man wanted to throw the white dog into the gate. He lifted the white dog up, but it couldn't be lifted up, so he put it down."
Abuse031_x264,34.9,40.5,0,165,"Another man wearing a gray shirt and red pants got out of the car, closed the door, and walked towards the man in a blue shirt."
Abuse031_x264,41.3,50.5,0,166,The man in the gray shirt released the dog from the man's hand and held the leash. The man in the blue shirt wanted to climb in through the door.
Abuse031_x264,51.3,60.9,0,167,"The man in the blue shirt climbed to the top of the gate, and then the man in gray clothes handed the dog to the man in the blue shirt."
Abuse031_x264,61.3,75.8,1,168,"The man in the blue shirt threw the dog in from the top of the gate, and the dog walked toward the inside."
Abuse031_x264,76.3,88.3,0,169,"The man in the blue shirt jumped out of the door, the man in the gray shirt walked to the car and got in, and then the man in the blue shirt also got in the car."
Abuse032_x264,19.4,23.2,1,170,"There was a woman in floral clothes squatting beside the bed, lifting the head of a man in a blue top, using special force, and putting a pillow on his face, using special force. Put it on the back of his neck and press his head on the pillow"
Abuse032_x264,24.4,34.3,1,171,"The long-haired woman tidied the man's clothes. Then the man wanted to raise his hand, and the woman knocked his hand down. Then because the man reached out and hit the woman, the woman reported beating him."
Abuse032_x264,48.2,61.9,1,172,"The woman pressed the man’s head with the hand holding the bowl, fed him food with a spoon in the other hand, stuffed it forcefully into his mouth, and then slapped the man’s face with her hand several times"
Abuse032_x264,62.6,75.6,-1,173,The woman once again dug out the rice with a spoon and fed it to the man roughly. Then she put the bowl on the table and wiped his mouth roughly with a paper towel.
Abuse032_x264,88.5,97.7,0,174,A man turned off the light in the room and sat on the side of the bed
Abuse032_x264,99.9,106.0,0,175,"The man beside the bed folded the quilt on his legs and placed it behind his head, and adjusted the position"
Abuse032_x264,106.1,106.9,0,176,The man’s head stood up and then lay down again
Abuse032_x264,115.9,128.4,-1,177,"An old man wanted to go around the wheelchair, but fell to the ground. The man next to him moved his legs on the wheelchair and sat up to play with his mobile phone."
Abuse032_x264,132.3,152.9,0,178,"The man stood up and went to the wheelchair, touched the wall to turn on the light, then picked up his pants and went out"
Abuse037_x264,1.2,8.2,1,179,"A white car with double flashes slowly appeared on the screen, crushing the black dog walking in the middle of the road."
Abuse037_x264,8.4,40.4,0,"180,181","The white car was driving in the middle of the road, and several dogs ran onto the road. || There was a black dog left on the road. It walked to the middle of the road next to the dog that had just been crushed."
Abuse037_x264,40.4,47.6,1,"181,183","There was a black dog left on the road. It walked to the middle of the road next to the dog that had just been crushed. || The gray dog pulled out the tail of the dog that had just been run over by the car, then stayed for a few minutes and left."
Abuse037_x264,47.6,59.1,0,"181,182",There was a black dog left on the road. It walked to the middle of the road next to the dog that had just been crushed. || The black dog walked away and left the middle of the road
Abuse041_x264,0.0,5.3,0,184,"A woman wearing pink clothes is holding a child in one hand, and the other is holding a green stool under the table"
Abuse041_x264,6.3,15.6,0,185,The woman wearing pink clothes and black pants stood holding the child for a while and then put the child on the ground
Abuse041_x264,16.9,20.2,0,186,The woman in pink clothes walked to the other side of the room
Abuse041_x264,24.3,28.1,0,187,Woman in pink clothes walking in the room
Abuse041_x264,31.5,35.3,0,188,"A woman in pink clothes squatted next to the green table to pack things, and another woman in pink clothes was walking in the room"
Abuse041_x264,36.9,46.1,0,189,A woman in pink clothes squatted to clean up the dirty things on the floor. There were many children sitting next to the three green tables in the room.
Abuse042_x264,6.1,46.2,0,"190,190,191,191","A woman in a pink skirt is sitting on the ground feeding a baby with a bottle, and the baby is holding the bottle in both hands || A woman in a pink skirt is sitting on the ground feeding a baby with a bottle, and the baby is holding the bottle in both hands || The woman sometimes looks up and sometimes looks at the baby, and continues to breastfeed. || The woman sometimes looks up and sometimes looks at the baby, and continues to breastfeed."
Abuse042_x264,49.8,54.6,1,192,"The baby kicked around, the woman took the bottle, then pushed the baby hard, and then continued to feed the baby"
Abuse042_x264,55.9,59.9,0,193,"The baby holds the bottle by himself, and the woman walks away"
Abuse042_x264,64.0,136.5,0,"194,195","The baby held the bottle to his chest, let go of his mouth, and looked at the woman above his head. Then the woman walked over and continued to feed him, and wiped his mouth with a pillow towel. || The woman in a pink skirt held a milk bottle in one hand, then got up and walked away. The baby was lying on the ground with his head raised to drink milk."
Abuse042_x264,137.2,215.0,0,"197,196,197,197",The child is lying on the ground alone holding a bottle || The woman in pink clothes is doing something next to the white hanging basket next to the child || The child is lying on the ground alone holding a bottle || The child is lying on the ground alone holding a bottle
Abuse042_x264,215.0,227.5,1,198,"The woman walked to the baby and squatted down, using the quilt to wipe the baby's mouth. The baby kicked its legs vigorously, but the woman continued rudely, and the baby also kept kicking."
Abuse042_x264,229.0,245.3,0,"199,199,200,200","The woman wiped the baby's mouth again, then spread the quilt, and continued to pick up the bottle to feed the baby. || The woman wiped the baby's mouth again, then spread the quilt, and continued to pick up the bottle to feed the baby. || The woman in pink clothes placed the bottle on the ground, took out the cap of the bottle, covered the bottle, put it aside, and stood up || The woman in pink clothes placed the bottle on the ground, took out the cap of the bottle, covered the bottle, put it aside, and stood up"
Abuse042_x264,246.4,254.4,0,201,"The woman in pink clothes took several things from the bed. When she raised her feet, the baby grabbed her skirt and then let go. The woman put the things aside."
Abuse042_x264,256.3,267.5,1,202,"The woman in pink clothes walked back to the baby, hit the baby with a pillow, then threw it on his head, and then let the baby lie on it"
Abuse042_x264,268.8,288.1,0,203,The woman in pink clothes patted the baby's head with one hand and patted his butt with the other
Abuse042_x264,294.5,301.7,0,204,"The woman in pink clothes sat cross-legged, moved the baby to the pillow and continued to pat him"
Abuse042_x264,309.6,319.0,1,205,"The woman in pink clothes pushed the baby's butt, and then the woman started to slap him"
Abuse042_x264,320.7,332.2,0,206,The woman in pink clothes patted the baby's head with one hand and patted his back with the other
Abuse042_x264,335.7,343.2,0,207,Woman in pink clothes patting the baby's butt with one hand
Abuse042_x264,352.7,365.2,0,208,"The woman patted the baby's back with one hand, and the baby played with the bottle cap"
Abuse042_x264,366.0,372.5,0,209,"The woman patted the baby's back with one hand, and the baby looked at the bottle cap running away."
Abuse042_x264,373.1,376.9,0,210,The woman in pink clothes reaches out and gives the bottle cap to the baby
Abuse042_x264,377.1,389.9,-1,211,The man in pink clothes threatened the baby
Abuse042_x264,390.5,409.5,0,212,The woman patted the baby's back with one hand and began to caress the baby
Abuse042_x264,422.2,436.9,0,213,"The woman wiped her face, picked up the cap of the bottle and played with the baby, and then the child put the cap into his mouth."
Abuse042_x264,438.3,449.5,0,214,"The woman turned the child over, put it on the pillow, picked up the bottle and gave him milk"
Abuse042_x264,452.5,476.2,0,215,The woman uses her hands to help the child hold the bottle and continue to drink milk. The woman’s other hand supports her chin
Abuse042_x264,477.0,498.3,0,216,"The child took away the bottle, the woman arranged the child's bellyband, and then continued to hold the bottle to give him milk."
Abuse042_x264,499.8,523.1,0,217,"The child let go of his hand and hugged the bottle again. The woman changed one hand to hold the bottle for the child, and used the other hand to support her forehead. She smoothed her hair twice and continued to support her forehead."
Abuse042_x264,525.5,542.8,0,218,"The child suddenly turned over and lay on the ground trying to get up. The woman picked up the bottle, capped it and put it aside."
Abuse042_x264,545.4,572.0,0,219,"The child started playing with the pillow. After a while, he bit a corner of the pillow. The woman took a big pillow from the bed and put the child on it."
Abuse042_x264,573.2,585.4,1,220,"The child was lying on the pillow, and the pillow was on the woman's lap. Then the woman picked up the child upside down and put it down again."
Abuse042_x264,587.6,625.4,1,221,"The woman's legs shook and bumped the child, and then she began to shake her legs from side to side, and then moved up and down again. The woman touched her lower back"
Abuse042_x264,626.7,654.2,1,222,The woman leaned on the floor and continued to bump the child. The child raised his head and then fell down.
Abuse042_x264,656.2,671.2,1,223,"The woman began to bump the child while patting his back. She touched her hair and face with the other hand, and then began to pat him while leaning on the ground."
Abuse042_x264,672.1,737.0,1,224,The woman bumped the child and patted his back
Abuse042_x264,737.6,749.0,0,225,The woman squatted to answer the phone with one hand and patted the child on the back with the other. Suddenly the child looked up and the woman lay down again
Abuse042_x264,750.1,766.1,0,226,"The woman squatted to answer the phone with one hand, and patted the child's back with the other. The child was lying on one side."
Abuse042_x264,767.5,794.0,0,227,"The child raised his head to look at the woman, and then lay down again. The woman kept patting the child's back, and the child raised his head again and lay down again."
Abuse042_x264,795.3,811.7,0,228,"The woman hung up the phone, and then the child got up. The woman grabbed the child's arm and moved him to the pillow."
Abuse042_x264,812.6,823.1,0,229,"The woman patted the child's back, pushed the hair behind the ears, continued to pat the child, and then touched the child's hair with her other hand"
Abuse042_x264,824.9,841.8,1,230,"The woman looked back at her mobile phone, patting the child with her other hand, then turned back and continued patting, the child suddenly faced her, and the woman pressed the child's head on the pillow"
Abuse042_x264,842.7,853.5,0,231,The woman patted the child's head and then stood up
Abuse042_x264,853.9,865.9,0,232,The woman walked aside and pushed the child's bed. The child lay on his stomach and looked at the crib. Then the woman took away the clothes on the crib.
Abuse042_x264,868.7,914.5,0,233,"The woman picked up the things on the ground, put a pile of red things on the bed, then arranged them and stood up, with the child watching."
Abuse042_x264,915.9,948.8,0,234,"The baby looked at her, the woman walked over, then walked away, bringing a bunch of toys for the child to play with"
Abuse044_x264,0.1,15.9,0,"235,236,237","Two women were communicating next to the bed. The woman with her hair on her head lifted the sheet covering the old man on the bed. || The two women looked at each other while talking and tidying up the sheets. The woman with braids raised her hand and shook it. The old man was lying on the hospital bed, and then the woman with her hair on her head took it. Picked up old man's clothes || The two women continued to take care of the old man. One was tidying the sleeves on his arms, and the other was tidying the side of the bed. The woman with braids lifted the sheet covering the old man to the end of the bed and placed it at the end of the bed."
Abuse044_x264,16.3,20.6,-1,238,"After the woman on the left lifted the sheet covering the old man's legs, the woman on the right straightened the old man's legs and began to press the old man's legs with both hands, pressing on the ankles."
Abuse044_x264,22.6,30.0,0,239,"The two women pulled the quilt on one side of the old man and moved it to the head of the bed, and the old man also lay down on the head of the bed."
Abuse044_x264,30.5,34.4,1,240,"The woman on the right hit the old man's arm, and the old man suddenly raised his upper body. The woman was frightened and stepped back; then the woman stretched out her hand to scare the old man."
Abuse044_x264,35.0,37.5,-1,241,"The old man curled up his legs. The woman on the left grabbed the bed sheet and fell back, then let go."
Abuse044_x264,37.8,43.4,1,242,The standing woman snatched the sheets from the old man's hand and slapped the woman next to her on the back. The bent woman next to her held the old man's back with one hand and touched the old man's face with the other. appease him
Abuse044_x264,43.9,48.4,-1,243,"The woman with short hair in a white top holds the old man's hands in front of the old man, looking at each other, the old man wants to break free"
Abuse044_x264,49.9,60.7,0,"244,244,245,245",The standing fat woman folded the things in her hands. The woman in front of the bed was helping the old man put on diapers. The old man lay down. || The standing fat woman folded the things in her hands. The woman in front of the bed was helping the old man put on diapers. The old man lay down. || The two women turned the old man to one side. || The two women turned the old man to one side.
Abuse044_x264,61.5,70.6,1,246,The woman in the white top pointed at the old man. The woman in the black top checked the old man's diaper at the end of the bed. The woman in the white top occasionally raised her hand to hit the old man and pointed at the old man.
Abuse044_x264,71.2,78.5,1,247,"The old man grabbed the hand of the woman in the white top. The two had some arguments. The old man reached out and wanted to hit the woman, and even wanted to pull her hair, but the woman held him down."
Abuse044_x264,79.5,86.6,1,248,The woman in the white top held down the old man. The woman at the end of the bed opened a diaper. The old man still did not let go of the woman's hand. He even wanted to lift his leg. The two of them pushed and pushed each other.
Abuse044_x264,87.5,92.1,1,249,The old man suddenly started doing it. The woman in the white top was so frightened that she stepped aside and stepped forward to try to stop him. The old man kicked her with his feet.
Abuse044_x264,92.6,107.1,-1,250,"The woman went around the end of the bed and grabbed the old man's feet. The old man stopped moving, and the woman next to him stepped forward to put on a diaper for him."
Abuse044_x264,107.6,117.1,1,251,The woman in the white top lifted the quilt and pulled the old man lying on his side out of the bed. The old man held on to the guardrail with both hands and could not get down.
Abuse044_x264,118.5,131.4,1,"252,252,253,253","The woman pushed the old man's leg, raised her hand to hit him, pointed at him, and then grabbed the old man's hand || The woman pushed the old man's leg, raised her hand to hit him, pointed at him, and then grabbed the old man's hand || The old man suddenly stood up again, kicked two women, and then sat on the edge of the bed || The old man suddenly stood up again, kicked two women, and then sat on the edge of the bed"
Abuse045_x264,0.0,12.0,1,254,"The woman lying on the sofa kicked the old man sitting next to her, and then kicked her twice more. The old man looked at her and the woman sat up."
Abuse045_x264,12.5,19.7,1,255,"The woman wearing a black suspender stood up from the sofa and pushed the head of the old man on the sofa, and then hit him again"
Abuse045_x264,19.9,26.7,0,256,"The woman stood in front of the old man with her head lowered, seeming to be saying something"
Abuse045_x264,27.4,37.6,1,257,The woman pressed the old man on the sofa and shook it vigorously
Abuse045_x264,43.6,48.4,1,258,"The old man raised his hand, and the woman reached out and hit the old man on the head."
Abuse045_x264,50.4,59.1,1,259,"The woman stood in front of the old man, talked to the old man, pointed, and then hit the old man again"
Abuse045_x264,65.3,75.3,0,260,"The woman walked to the sofa, took the pillow from the sofa, placed it on the back of the sofa, and sat on the empty seat on the sofa next to the old man."
Abuse045_x264,78.3,87.3,1,261,"The woman walked to the side of the sofa and pushed the old man’s head, then walked out the door."
Abuse045_x264,88.5,108.5,0,262,"The old man wearing a blue vest on the sofa wanted to stand up, but kept stooping, and finally sat down holding on to the armrest of the sofa."
Abuse045_x264,112.4,124.6,1,263,"The woman stepped forward and slapped the old man on the head hard. Then the old man pressed down on the sofa and tried to sit up again, but failed again, so he finished."
Abuse045_x264,125.5,132.2,0,264,The woman stepped forward and grabbed the old man’s armpits with both hands and pulled her up. The old man held the woman’s waist with both hands and then placed her on the sofa.
Abuse045_x264,132.7,145.5,1,265,The woman grabbed the old man’s hair and dragged it hard. The old man touched his hair with his hand and then put down his hand.
Abuse045_x264,146.3,153.2,0,266,"The woman is talking to the old man,"
Abuse045_x264,155.1,168.3,1,267,"The woman continued to talk to the old man. After a while, she pulled the old man's hair with her hands and spread her hands."
Abuse048_x264,1.2,2.3,1,268,A woman wearing a white top slapped an old man sitting in a hospital bed
Abuse048_x264,3.3,5.4,0,269,Woman helps the elderly make the bed
Abuse048_x264,6.4,16.5,-1,270,"The woman helped another old man take off his clothes, lifted the old man's lower body, and took off his clothes roughly"
Abuse048_x264,17.9,22.6,-1,271,The woman took off her shoes for an old man lying on the bed. Her actions when taking off her shoes were very rude.
Abuse048_x264,23.6,33.5,1,272,The old man was lying down and lifting his legs to let the woman change her pants. The movements were very rough. The old man was made to sit up and then pushed down hard.
Abuse048_x264,34.9,41.9,1,"273,274","The old man's actions were a bit uncooperative. The woman hit the old man again, and then pretended to hit the old man. Only then did the old man actively cooperate. || The woman hit the old man's legs and knees hard, asking him to put his legs flat."
Abuse048_x264,42.2,47.2,1,275,The woman beat the old man on the leg because he did not do what she asked.
Abuse048_x264,48.4,55.9,1,276,"The old man wanted to get up, so the woman slapped the old man in the face, and the old man remained motionless and asked the woman to dress her."
Abuse048_x264,56.4,63.3,1,277,A short-haired nurse suddenly pushed down an old man who was sitting on the hospital bed and threw her pillow to the soles of the old man's feet.
Abuse048_x264,65.6,66.2,0,278,"The woman left the ward, the old man sat up and put the pillow back and lay down"
Abuse048_x264,67.2,68.5,1,279,"A woman pulled down the hair of an old man who was curling up on the bed, then took a look and left"
Abuse048_x264,71.2,75.7,1,280,A man beat a woman in a wheelchair while taking care of her
Abuse048_x264,76.9,80.8,1,281,The man walked to the other side and beat the woman
Abuse048_x264,81.7,85.9,1,282,The man and woman pressed the woman’s head down hard
Abuse048_x264,86.0,88.0,1,283,"The man threw the woman’s head back hard, and then pushed her wheelchair, causing the woman to keep pushing back"
Abuse048_x264,89.2,95.2,1,284,"The man pushed the woman's body back and kept pressing her head, raising her head high"
Abuse048_x264,96.4,97.4,-1,285,A man squatting on the ground doing something
Abuse048_x264,98.6,102.8,1,286,The man threw the woman’s head back hard again.
Abuse048_x264,103.4,109.6,1,287,The man kept pressing the woman’s head
Abuse048_x264,110.2,113.9,-1,288,"The man took a mat aside, lifted the woman, and put the mat down"
Abuse049_x264,5.0,16.7,0,289,"A man helped a staggering old man sit on the bed, the old man's back was exposed"
Abuse049_x264,18.3,24.0,-1,290,"A man in black long sleeves came over and put the old man down on the bed, while the man in black short sleeves took off his pants for the old man."
Abuse049_x264,25.6,38.6,0,291,"A man in a shirt puts a person down on the bed, and then another man covers the person on the bed with a quilt"
Abuse049_x264,40.1,43.2,-1,292,A man in a blue shirt opened the quilt and put something in
Abuse049_x264,46.7,57.3,-1,293,A man covers the person on the bed with a quilt and then takes it away
Abuse049_x264,58.7,71.3,0,294,There is an empty bed and a pile of white bedding on the side.
